facility_name,Final_Score,Relevance,tender_score,matched_name,match_score,registered_business_name,state,suburb,street_address,postcode,primary_anzsic_class_code,primary_anzsic_class_name,main_activities,abn,acn,facility_website,latest_report_year,latest_report_url
AGL Loy Yang,0.83,High,2.20,agl loy yang,100.00,AGL LOY YANG PTY LTD,VIC,Traralgon,BARTONS LA,3844,2611,Fossil Fuel Electricity Generation,Operation of a brown coal open cut mine and 2200 MW power station,62077985758.00,77985758.00,http://www.agl.com.au,2023/2024,http://www.npi.gov.au/npidata/action/load/individual-facility-detail/criteria/state/VIC/year/2024/jurisdiction-facility/00004339
EnergyAustralia Yallourn,0.75,High,2.20,energyaustralia yallourn,100.00,ENERGYAUSTRALIA YALLOURN PTY LTD,VIC,Yallourn North,YALLOURN NORTH RD,3825,2611,Fossil Fuel Electricity Generation,Power generation and mining,47065325224.00,65325224.00,http://www.energyaustralia.com.au,2023/2024,http://www.npi.gov.au/npidata/action/load/individual-facility-detail/criteria/state/VIC/year/2024/jurisdiction-facility/00004321
ENGIE Hazelwood Power Station and Mine,0.74,High,2.20,exmouth power station,76.47,NATIONAL POWER AUSTRALIA INVESTMENTS LIMITED,VIC,Morwell,"HAZELWOOD POWER COMPLEX, 1 BRODRIBB RD",3840,2611,Fossil Fuel Electricity Generation,"Up until 31 March 2017, Hazelwood was a nominal rated 1600 MW brown coal fired power station, supplying around 25% of Victoria's Electricity needs and an associated brown coal mine producing approx. 16.0 M t/y of brown coal & moving around 3.1 M m3/yr of overburden. The site ceased Power Station and coal mining operation on 31 March  2017, and is now in the process of demolition and rehabilitation activities. 
",51075257537.00,75257537.00,https://engie.com.au/,2017/2018,http://www.npi.gov.au/npidata/action/load/individual-facility-detail/criteria/state/VIC/year/2018/jurisdiction-facility/00004337
SAPUTO DAIRY AUSTRALIA - COBRAM SITE,0.71,High,5.00,saputo dairy australia,100.00,SAPUTO DAIRY AUSTRALIA PTY LTD,VIC,Cobram,BROADWAY ST,3644,1131,Milk and Cream Processing,Food processing plant. Dairy,52166135486.00,166135486.00,http://www.mgc.com.au,2023/2024,http://www.npi.gov.au/npidata/action/load/individual-facility-detail/criteria/state/VIC/year/2024/jurisdiction-facility/00004033
BORAL CEMENT LIMITED,0.69,High,5.00,cement australia kandos,66.67,BORAL CEMENT LIMITED,VIC,Waurn Ponds,170 RESERVOIR RD,3216,2031,Cement and Lime Manufacturing,Cement Manufacturing,62008528523.00,8528523.00,http://www.boral.com.au/Cement/cement.asp,2021/2022,http://www.npi.gov.au/npidata/action/load/individual-facility-detail/criteria/state/VIC/year/2022/jurisdiction-facility/00004145
Enviropacific SOLVE Waste Soil Facility,0.68,High,2.30,enviropacific services,74.29,ENVIROPACIFIC SERVICES PTY LIMITED,VIC,Altona,541-583 KOROROIT CREEK RD,3018,2922,Waste Remediation and Materials Recovery Services,Waste soil treatment,43111372064.00,111372064.00,,2023/2024,http://www.npi.gov.au/npidata/action/load/individual-facility-detail/criteria/state/VIC/year/2024/jurisdiction-facility/00030675
Energy Brix Aust Corp P/L,0.67,High,3.63,cs energy,80.00,ENERGY BRIX AUSTRALIA CORPORATION PTY LTD,VIC,Morwell,POWER STATION COMMERCIAL RD,3840,2611,Fossil Fuel Electricity Generation,Electricity generation and steam supply.,79074736833.00,74736833.00,http://www.ebac.com.au,2014/2015,http://www.npi.gov.au/npidata/action/load/individual-facility-detail/criteria/state/VIC/year/2015/jurisdiction-facility/00004346
Barwon Water Biosolids Management Project,0.64,High,2.21,tronox management,74.07,TRILITY WATER PTY LTD,VIC,Connewarre,400 BLACKROCK RD,3227,2922,Waste Remediation and Materials Recovery Services,Processing biosolids into pellets.,94004012873.00,4012873.00,,2023/2024,http://www.npi.gov.au/npidata/action/load/individual-facility-detail/criteria/state/VIC/year/2024/jurisdiction-facility/00030570
Maddingley Brown Coal,0.64,High,2.20,maddingley brown coal,100.00,MADDINGLEY BROWN COAL PTY LTD,VIC,Bacchus Marsh,EAST MADDINGLEY RD,3340,2921,Waste Treatment and Disposal Services,"Inert landfill accepting inert industrial wastes, category c contaminated soil.",27007397686.00,7397686.00,http://maddingleybrowncoal.com.au,2023/2024,http://www.npi.gov.au/npidata/action/load/individual-facility-detail/criteria/state/VIC/year/2024/jurisdiction-facility/00007081
Wollert Landfill,0.64,High,2.21,landfill operations,74.29,HEIDELBERG MATERIALS AUSTRALIA RESOURCE RECOVERY PTY LTD,VIC,Wollert,BRIDGE INN RD,3750,2921,Waste Treatment and Disposal Services,Disposal of residual solid waste,59006299832.00,6299832.00,http://www.hansonlandfill.com.au,2023/2024,http://www.npi.gov.au/npidata/action/load/individual-facility-detail/criteria/state/VIC/year/2024/jurisdiction-facility/00022851
Tongala,0.64,High,2.20,jonala,76.92,H. W. GREENHAM & SONS PROPRIETARY LIMITED,VIC,Tongala,2121 FINLAY RD,3621,1111,Meat Processing,Meat Processing - Abattoir,26054461415.00,54461415.00,,2023/2024,http://www.npi.gov.au/npidata/action/load/individual-facility-detail/criteria/state/VIC/year/2024/jurisdiction-facility/00004332
Wodonga Rendering,0.64,High,2.20,wodonga rendering,100.00,WODONGA RENDERING PTY LTD,VIC,Wodonga,54 KELLY ST,3690,1111,Meat Processing,"Processing livestock (beef, goats and sheep) in abattoir primarily for the export market. Rendering abattoir material to produce tallow, meat & bone meal and blood meal for the domestic and export market.
Salting small-stock skins for the export market.",67074885457.00,74885457.00,https://www.wodongaabattoir.com.au/,2023/2024,http://www.npi.gov.au/npidata/action/load/individual-facility-detail/criteria/state/VIC/year/2024/jurisdiction-facility/00004409
Melbourne Regional Landfill,0.64,High,2.21,landfill operations,65.22,LANDFILL OPERATIONS PTY LTD,VIC,Truganina,RIDING BOUNDARY RD,3029,2921,Waste Treatment and Disposal Services,Waste Disposal Services,18603300358.00,603300358.00,http://www.cleanaway.com.au,2023/2024,http://www.npi.gov.au/npidata/action/load/individual-facility-detail/criteria/state/VIC/year/2024/jurisdiction-facility/00016675
Encore Tissue,0.64,High,2.20,encore tissue aust,100.00,ENCORE TISSUE (AUST) PTY LTD,VIC,Laverton North,37-41 GILBERTSON RD,3026,1510,"Pulp, Paper and Paperboard Manufacturing",Manufacturing of Paper Personal Hygiene products,99104582523.00,104582523.00,http://www.encoretissue.com.au,2023/2024,http://www.npi.gov.au/npidata/action/load/individual-facility-detail/criteria/state/VIC/year/2024/jurisdiction-facility/00004857
Oceania Glass (Dandenong site),0.64,High,2.20,oceania glass,100.00,OCEANIA GLASS PTY LTD,VIC,Dandenong,95 GREENS RD,3175,2010,Glass and Glass Product Manufacturing,The manufacture and processing of float glass,99630152206.00,630152206.00,https://www.oceaniaglass.com.au,2023/2024,http://www.npi.gov.au/npidata/action/load/individual-facility-detail/criteria/state/VIC/year/2024/jurisdiction-facility/00004028
Longwarry Food Park,0.64,High,2.20,longwarry food park,100.00,LONGWARRY FOOD PARK PTY LTD,VIC,Longwarry,31-41 MACKEY ST,3816,1131,Milk and Cream Processing,Manufacture of milk products,78097262934.00,97262934.00,https://www.lactalis.com.au,2023/2024,http://www.npi.gov.au/npidata/action/load/individual-facility-detail/criteria/state/VIC/year/2024/jurisdiction-facility/00030724
Diamond Valley Pork - Laverton North,0.63,High,2.20,diamond valley pork,100.00,DIAMOND VALLEY PORK PTY LTD,VIC,Laverton North,13-15 THOMAS RD,3026,1111,Meat Processing,Meat processing,17095045695.00,95045695.00,,2023/2024,http://www.npi.gov.au/npidata/action/load/individual-facility-detail/criteria/state/VIC/year/2024/jurisdiction-facility/00024841
Loy Yang B Power Station,0.63,High,2.20,agl loy yang,80.00,EDISON MISSION ENERGY AUST LTD,VIC,Traralgon,LOY YANG B POWER STATION BARTONS LA,3844,2611,Fossil Fuel Electricity Generation,Brown Coal Fired Electricity Generation Facility.,87055563785.00,55563785.00,,2002/2003,http://www.npi.gov.au/npidata/action/load/individual-facility-detail/criteria/state/VIC/year/2003/jurisdiction-facility/00008622
Taghleef Industries - Wodonga,0.63,High,2.20,taghleef industries,100.00,TAGHLEEF INDUSTRIES PTY LTD,VIC,Wodonga,11 MOLONEY DR,3690,1911,Polymer Film and Sheet Packaging Material Manufacturing,Manufacture of polypropylene film,51005893112.00,5893112.00,http://www.ti-films.com,2023/2024,http://www.npi.gov.au/npidata/action/load/individual-facility-detail/criteria/state/VIC/year/2024/jurisdiction-facility/00020295
CLEANAWAY DANIELS PTY LTD,0.62,High,2.20,transpacific cleanaway,69.23,CLEANAWAY DANIELS PTY LTD,VIC,Laverton North,110 DOHERTYS RD,3026,2921,Waste Treatment and Disposal Services,"Thermal treatment of prescribed industrial waste, including clinical and related wastes.",83060871249.00,60871249.00,http://www.cleanaway.com.au,2023/2024,http://www.npi.gov.au/npidata/action/load/individual-facility-detail/criteria/state/VIC/year/2024/jurisdiction-facility/00004294
DEALS ROAD LANDFILL,0.62,High,2.20,landfill gas and power,68.29,A.J. BAXTER PROPRIETARY LIMITED,VIC,Clayton South,CNR DEALS RD & HEATHERTON RD,3169,2921,Waste Treatment and Disposal Services,Landfill,62004476519.00,4476519.00,http://www.cleanaway.com.au,2023/2024,http://www.npi.gov.au/npidata/action/load/individual-facility-detail/criteria/state/VIC/year/2024/jurisdiction-facility/00022863
Wests Road Landfill,0.62,High,2.21,landfill operations,68.42,WYNDHAM CITY COUNCIL,VIC,Werribee,"WERRIBEE LANDFILL, WESTS RD",3030,2921,Waste Treatment and Disposal Services,Waste disposal (Non-prescribed waste only),38393903860.00,,http://www.wyndham.vic.gov.au,2015/2016,http://www.npi.gov.au/npidata/action/load/individual-facility-detail/criteria/state/VIC/year/2016/jurisdiction-facility/00006959
BOLINDA ROAD LANDFILL,0.62,High,2.20,landfill gas and power,65.12,HUME CITY COUNCIL,VIC,Campbellfield,CNR BOLINDA RD & SYDNEY RD,3061,2921,Waste Treatment and Disposal Services,Municipal landfill,14854354856.00,,http://www.hume.vic.gov.au,2021/2022,http://www.npi.gov.au/npidata/action/load/individual-facility-detail/criteria/state/VIC/year/2022/jurisdiction-facility/00006988
Drysdale Resource Recovery Centre and Landfill,0.61,High,2.20,stapylton resource recovery,77.27,GREATER GEELONG CITY COUNCIL,VIC,Drysdale,502-510 FOUNDS RD,3222,2921,Waste Treatment and Disposal Services,Resource Recovery and Landifll,18374210672.00,,https://www.geelongaustralia.com.au/,2023/2024,http://www.npi.gov.au/npidata/action/load/individual-facility-detail/criteria/state/VIC/year/2024/jurisdiction-facility/00007010
Grantville Landfill,0.61,High,2.21,landfill operations,68.42,BASS COAST SHIRE COUNCIL,VIC,Grantville,"GRANTVILLE GRAVEL RESERVE, CNR BASS HWY & STANLEY RD",3984,2921,Waste Treatment and Disposal Services,Waste disposal,81071510240.00,,http://www.basscoast.vic.gov.au,2023/2024,http://www.npi.gov.au/npidata/action/load/individual-facility-detail/criteria/state/VIC/year/2024/jurisdiction-facility/00006943
KILMANY LANDFILL,0.61,High,2.20,landfill gas and power,66.67,WELLINGTON SHIRE COUNCIL,VIC,Kilmany,KILMANY LANDFILL LOT 1 & PART LOT 2 LP 79840 PARISH OF WOOUN DELLAH,3851,2921,Waste Treatment and Disposal Services,Landfill,18420243468.00,,http://www.wellington.vic.gov.au,2023/2024,http://www.npi.gov.au/npidata/action/load/individual-facility-detail/criteria/state/VIC/year/2024/jurisdiction-facility/00006950
Cobram Landfill,0.61,High,2.21,landfill operations,70.59,MOIRA SHIRE COUNCIL,VIC,Cobram,PYE RD,3644,2921,Waste Treatment and Disposal Services,Landfill operation,20538141700.00,,,2020/2021,http://www.npi.gov.au/npidata/action/load/individual-facility-detail/criteria/state/VIC/year/2021/jurisdiction-facility/00006929
Anglesea Landfill,0.61,High,2.20,landfill gas and power,71.79,SURF COAST SHIRE COUNCIL,VIC,Anglesea,COALMINE RD,3230,2921,Waste Treatment and Disposal Services,Landfill and transfer station,18078461409.00,,http://www.surfcoast.vic.gov.au,2014/2015,http://www.npi.gov.au/npidata/action/load/individual-facility-detail/criteria/state/VIC/year/2015/jurisdiction-facility/00006993
COSGROVE LANDFILL,0.61,High,2.21,landfill operations,66.67,GREATER SHEPPARTON CITY COUNCIL,VIC,Pine Lodge,205 QUARRY ROAD,3631,2921,Waste Treatment and Disposal Services,Landfill,59835329843.00,,http://www.greatershepparton.com.au,2023/2024,http://www.npi.gov.au/npidata/action/load/individual-facility-detail/criteria/state/VIC/year/2024/jurisdiction-facility/00006942
Alcoa Anglesea Power Station,0.60,High,2.20,exmouth power station,76.47,ALCOA OF AUSTRALIA LIMITED,VIC,Anglesea,"POWER STATION, CAMP RD",3230,2922,Waste Remediation and Materials Recovery Services,The mining activities and electricity generation ceased in August 2015. The site has continued decommissioning works of the power station and earthmoving in the Mine.,93004879298.00,4879298.00,http://www.alcoa.com/australia/en/home.asp,2015/2016,http://www.npi.gov.au/npidata/action/load/individual-facility-detail/criteria/state/VIC/year/2016/jurisdiction-facility/00004359
Eaglehawk Landfill,0.60,High,2.20,landfill gas and power,65.00,GREATER BENDIGO CITY COUNCIL,VIC,Eaglehawk,UPPER CALIFORNIA GULLY RD,3556,2921,Waste Treatment and Disposal Services,Waste Disposal Facility,74149638164.00,,http://www.bendigo.vic.gov.au,2023/2024,http://www.npi.gov.au/npidata/action/load/individual-facility-detail/criteria/state/VIC/year/2024/jurisdiction-facility/00006957
COLAC,0.59,High,2.20,australian lamb colac,100.00,ASSOCIATED KILN DRIERS PTY LIMITED,VIC,Colac,7-15 FOREST ST,3250,1411,Log Sawmilling,Timber mill,34004341048.00,4341048.00,http://www.akd.com.au/,2023/2024,http://www.npi.gov.au/npidata/action/load/individual-facility-detail/criteria/state/VIC/year/2024/jurisdiction-facility/00030663
Bowser Landfill,0.59,High,2.21,landfill operations,70.59,WANGARATTA RURAL CITY COUNCIL,VIC,Bowser,COLEMAN RD,3678,2921,Waste Treatment and Disposal Services,Landfill,67784981354.00,,http://www.wangaratta.vic.gov.au,2020/2021,http://www.npi.gov.au/npidata/action/load/individual-facility-detail/criteria/state/VIC/year/2021/jurisdiction-facility/00007012
QENOS PTY LTD,0.59,High,2.22,qenos,100.00,QENOS PTY LTD,VIC,Altona,CNR MAIDSTONE ST & KOROROIT CREEK RD,3018,1821,Synthetic Resin and Synthetic Rubber Manufacturing,Production of polyethylene. Steam cracking of ethane and LPG.,62054196771.00,54196771.00,http://www.qenos.com,2023/2024,http://www.npi.gov.au/npidata/action/load/individual-facility-detail/criteria/state/VIC/year/2024/jurisdiction-facility/00004342
Thomas Foods International Stawell PTY LTD,0.58,High,2.20,thomas foods international stawell,100.00,THOMAS FOODS INTERNATIONAL STAWELL PTY LIMITED,VIC,Stawell,46 ABATTOIR RD,3380,1111,Meat Processing,"Sheep, lamb and goat abattoir",69004967800.00,4967800.00,,2023/2024,http://www.npi.gov.au/npidata/action/load/individual-facility-detail/criteria/state/VIC/year/2024/jurisdiction-facility/00004425
Infrabuild Steel,0.58,High,0.00,,58.06,THE AUSTRALIAN STEEL COMPANY (OPERATIONS) PTY LTD,VIC,Laverton North,105-123 DOHERTYS RD,3026,2110,Iron Smelting and Steel Manufacturing,Secondary steel manufacture,89069426955.00,69426955.00,https://www.infrabuild.com,2023/2024,http://www.npi.gov.au/npidata/action/load/individual-facility-detail/criteria/state/VIC/year/2024/jurisdiction-facility/00004152
MCCORMACK DEMBY TIMBER PTY LTD,0.58,High,2.20,mccormack demby timber,100.00,MCCORMACK DEMBY TIMBER PTY LTD,VIC,Morwell,2-6 RAIL RD ,3840,1411,Log Sawmilling,Log sawmilling,30124794618.00,124794618.00,,2010/2011,http://www.npi.gov.au/npidata/action/load/individual-facility-detail/criteria/state/VIC/year/2011/jurisdiction-facility/00029290
Hallam Rd Landfill,0.57,High,2.20,landfill gas and power,65.00,VEOLIA RECYCLING & RECOVERY PTY LTD,VIC,Hampton Park,274-310 HALLAM RD,3976,2921,Waste Treatment and Disposal Services,Landfilling and Resource Recovery,70002902650.00,2902650.00,http://www.veolia.com/anz,2023/2024,http://www.npi.gov.au/npidata/action/load/individual-facility-detail/criteria/state/VIC/year/2024/jurisdiction-facility/00006936
POTTERS INDUSTRIES PTY LTD,0.57,High,2.20,potters industries,100.00,POTTERS INDUSTRIES PTY LTD,VIC,Dandenong South,9 RHUR ST,3175,2010,Glass and Glass Product Manufacturing,Sodium silicate glass manufacture,38000096293.00,96293.00,http://www.pottersindustries.com,2023/2024,http://www.npi.gov.au/npidata/action/load/individual-facility-detail/criteria/state/VIC/year/2024/jurisdiction-facility/00004084
Altona Manufacturing Plant,0.57,High,2.25,mcneil manufacturing,78.79,TOYOTA MOTOR CORPORATION AUSTRALIA LIMITED,VIC,Altona North,282-320 GRIEVE PDE,3025,2311,Motor Vehicle Manufacturing,Vehicle manufacture,64009686097.00,9686097.00,http://www.toyota.com.au,2017/2018,http://www.npi.gov.au/npidata/action/load/individual-facility-detail/criteria/state/VIC/year/2018/jurisdiction-facility/00004046
Anne Caudle Centre Cogeneration Plant,0.57,High,2.20,osborne cogeneration,75.00,VH OPERATIONS P/L,VIC,Bendigo,100 BARNARD ST,3550,2611,Fossil Fuel Electricity Generation,Electricity and process steam generation (cogeneration).,72095427820.00,95427820.00,,2009/2010,http://www.npi.gov.au/npidata/action/load/individual-facility-detail/criteria/state/VIC/year/2010/jurisdiction-facility/00004036
Oztek,0.57,High,2.24,oztek holdings,100.00,OZTEK HOLDINGS PTY LTD,VIC,Barnawartha,158 PLEMINGS RD,3688,1111,Meat Processing,Meat fat rendering,83080871343.00,80871343.00,,2023/2024,http://www.npi.gov.au/npidata/action/load/individual-facility-detail/criteria/state/VIC/year/2024/jurisdiction-facility/00004318
Bairnsdale Power Station,0.57,High,2.20,exmouth power station,76.47,ALINTA DEBO PTY LTD,VIC,Bairnsdale,45 POWERSTATION RD,3875,2611,Fossil Fuel Electricity Generation,Generation of electricity,66079246423.00,79246423.00,https://www.alintaenergy.com.au,2023/2024,http://www.npi.gov.au/npidata/action/load/individual-facility-detail/criteria/state/VIC/year/2024/jurisdiction-facility/00019270
Tabro Meat,0.56,High,2.20,tabro meat,100.00,TABRO MEAT PTY LTD,VIC,Lance Creek,2140 KORUMBURRA-WONTHAGGI RD,3995,1111,Meat Processing,Meat processing,85005517019.00,5517019.00,,2012/2013,http://www.npi.gov.au/npidata/action/load/individual-facility-detail/criteria/state/VIC/year/2013/jurisdiction-facility/00004390
Nestle Foods,0.56,High,2.21,national foods,69.23,NESTLE AUSTRALIA LTD,VIC,Tongala,HENDERSON RD,3621,1131,Milk and Cream Processing,"Manufacturer of liquid condensed, evaporated and cream milk products -THIS FACILITY DOESNT BELONG TO NESTLE ANY LONGER-was sold in July 2022, RS",77000011316.00,11316.00,http://www.nestle.com.au,2020/2021,http://www.npi.gov.au/npidata/action/load/individual-facility-detail/criteria/state/VIC/year/2021/jurisdiction-facility/00004327
Wollert Plant,0.56,High,0.00,,60.00,AUSTRAL BRICKS (VIC) PTY LTD,VIC,Wollert,BRICK MAKERS DR,3750,2021,Clay Brick Manufacturing,Clay brick manufacturing,64125934867.00,125934867.00,https://www.australbricks.com.au/,2023/2024,http://www.npi.gov.au/npidata/action/load/individual-facility-detail/criteria/state/VIC/year/2024/jurisdiction-facility/00029061
Bairnsdale Regional Landfill,0.56,High,1.36,cairns regional council,70.59,EAST GIPPSLAND SHIRE COUNCIL,VIC,Bairnsdale,"BAIRNSDALE LANDFILL, JOHNSTONS RD",3875,2921,Waste Treatment and Disposal Services,Landfill,81957967765.00,,,2023/2024,http://www.npi.gov.au/npidata/action/load/individual-facility-detail/criteria/state/VIC/year/2024/jurisdiction-facility/00026919
Alfred Hospital Cogeneration Plant,0.56,High,2.20,osborne cogeneration,75.00,WORLEY POWER SERVICES PTY LTD,VIC,Melbourne,ALFRED HOSPITAL COMMERCIAL RD,3004,2611,Fossil Fuel Electricity Generation,Electricity and process steam generation (cogeneration).,50112723181.00,112723181.00,,2023/2024,http://www.npi.gov.au/npidata/action/load/individual-facility-detail/criteria/state/VIC/year/2024/jurisdiction-facility/00004021
AUSTRALIAN MEAT GROUP DANDENONG,0.55,High,2.37,australian meat group,100.00,AUSTRALIAN MEAT GROUP PTY LTD,VIC,Dandenong,342 HAMMOND RD,3175,1111,Meat Processing,Meat processing,75168396316.00,168396316.00,http://www.amg.com.au,2023/2024,http://www.npi.gov.au/npidata/action/load/individual-facility-detail/criteria/state/VIC/year/2024/jurisdiction-facility/00004104
CSL Behring (Australia) Pty Ltd,0.55,High,1.24,csl,100.00,CSL LIMITED,VIC,Broadmeadows,189-209 CAMP RD,3047,1841,Human Pharmaceutical and Medicinal Product Manufacturing,"Manufacture of pharmaceutical products of biological origin
Code - 1841 ",99051588348.00,51588348.00,http://www.cslbehring.com.au,2023/2024,http://www.npi.gov.au/npidata/action/load/individual-facility-detail/criteria/state/VIC/year/2024/jurisdiction-facility/00004717
Burra Foods Factory,0.54,High,2.20,burra foods,100.00,BURRA FOODS PTY LTD,VIC,Korumburra,47 STATION ST,3950,1131,Milk and Cream Processing,Dairy product manufacturing,58007119904.00,7119904.00,http://www.burrafoods.com.au,2023/2024,http://www.npi.gov.au/npidata/action/load/individual-facility-detail/criteria/state/VIC/year/2024/jurisdiction-facility/00029446
Visy Paper 2,0.54,High,2.20,visy paper,100.00,VISY PAPER PTY LTD,VIC,Reservoir,22 RADFORD RD,3073,1510,"Pulp, Paper and Paperboard Manufacturing",Paper recycling plant converting waste paper into new paper for use in the corrugated box industry.,63005803234.00,5803234.00,http://www.visy.com.au,2023/2024,http://www.npi.gov.au/npidata/action/load/individual-facility-detail/criteria/state/VIC/year/2024/jurisdiction-facility/00004702
SORBENT PAPER COMPANY PTY LTD,0.54,High,2.20,sorbent paper,100.00,SORBENT PAPER COMPANY PTY LTD,VIC,Box Hill,19 AILSA ST,3128,1510,"Pulp, Paper and Paperboard Manufacturing",Manufacture of paper tissue products,62004191324.00,4191324.00,http://www.sorbent.com,2023/2024,http://www.npi.gov.au/npidata/action/load/individual-facility-detail/criteria/state/VIC/year/2024/jurisdiction-facility/00004010
Midfield Protein Solutions,0.54,High,2.49,midfield protein solutions,100.00,MIDFIELD PROTEIN SOLUTIONS PTY LTD,VIC,Warrnambool,24 SCOTT STREET,3280,1111,Meat Processing,Meat Processing,76619284883.00,619284883.00,,2023/2024,http://www.npi.gov.au/npidata/action/load/individual-facility-detail/criteria/state/VIC/year/2024/jurisdiction-facility/00030841
Ecogen Jeeralang Power Station,0.53,High,2.20,exmouth power station,76.47,ENERGYAUSTRALIA ECOGEN PTY LTD,VIC,Morwell,50 BONDS LA,3840,2611,Fossil Fuel Electricity Generation,Power generation,86086589611.00,86589611.00,,2023/2024,http://www.npi.gov.au/npidata/action/load/individual-facility-detail/criteria/state/VIC/year/2024/jurisdiction-facility/00004732
AUSTRALIAN TALLOW PRODUCERS PTY LTD,0.53,High,2.20,australian tallow producers,100.00,AUSTRALIAN TALLOW PRODUCERS PTY LTD,VIC,Brooklyn,680 GEELONG RD,3012,1111,Meat Processing,Rendering of animal by-products to produce tallow/oil and meat meals,28007046059.00,7046059.00,,2023/2024,http://www.npi.gov.au/npidata/action/load/individual-facility-detail/criteria/state/VIC/year/2024/jurisdiction-facility/00006827
Midfield Meat Group,0.53,High,2.20,midfield meat processing,81.25,MIDFIELD MEAT PROCESSING PTY LTD,VIC,Warrnambool,SCOTT ST,3280,1111,Meat Processing,Abattoir,15006971508.00,6971508.00,http://www.midfield.com.au,2023/2024,http://www.npi.gov.au/npidata/action/load/individual-facility-detail/criteria/state/VIC/year/2024/jurisdiction-facility/00009122
Visy Board Wodonga,0.53,High,2.20,visy board wodonga,100.00,VISY BOARD (WODONGA) PTY LTD,VIC,Wodonga,299 MCKOY ST,3690,1521,Corrugated Paperboard and Paperboard Container Manufacturing,Corrugating and converting cardboard,34098839402.00,98839402.00,http://www.visy.com.au,2023/2024,http://www.npi.gov.au/npidata/action/load/individual-facility-detail/criteria/state/VIC/year/2024/jurisdiction-facility/00021303
G & K O'CONNOR PTY LTD,0.53,High,2.20,g and k o connor,100.00,G & K O'CONNOR PTY LTD,VIC,Pakenham,940 KOOWEERUP RD,3810,1111,Meat Processing,Meat processing,49005934029.00,5934029.00,,2023/2024,http://www.npi.gov.au/npidata/action/load/individual-facility-detail/criteria/state/VIC/year/2024/jurisdiction-facility/00004115
Eureka Tiles Australia - Ballarat Manufacturing Facility,0.53,High,5.00,c3 australia,85.71,EUREKA TILES P/L,VIC,Ballarat,CNR STAWELL ST & CHARLESWORTH ST,3350,2029,Other Ceramic Product Manufacturing,Manufacture of ceramic floor tiles and glazed bricks,82074202592.00,74202592.00,http://www.eurekatiles.com.au,2009/2010,http://www.npi.gov.au/npidata/action/load/individual-facility-detail/criteria/state/VIC/year/2010/jurisdiction-facility/00004233
Iona Gas,0.53,High,2.20,lochard energy iona operations,66.67,LOCHARD ENERGY (IONA OPERATIONS) PTY LTD,VIC,Port Campbell,285 WAARRE RD,3269,700,Oil and Gas Extraction,Natural gas extraction,67608441729.00,608441729.00,,2023/2024,http://www.npi.gov.au/npidata/action/load/individual-facility-detail/criteria/state/VIC/year/2024/jurisdiction-facility/00026897
Valley Power,0.53,High,2.20,valley power,100.00,VALLEY POWER PTY LTD,VIC,Traralgon,VALLEY POWER GAS STATION BARTONS LA,3844,2611,Fossil Fuel Electricity Generation,Power generation,16083964470.00,83964470.00,https://www.snowyhydro.com.au,2023/2024,http://www.npi.gov.au/npidata/action/load/individual-facility-detail/criteria/state/VIC/year/2024/jurisdiction-facility/00019800
LEADING SYNTHETICS PTY LTD,0.53,High,2.20,leading synthetics,100.00,LEADING SYNTHETICS PTY LTD,VIC,Campbellfield,2040 HUME HWY,3061,1821,Synthetic Resin and Synthetic Rubber Manufacturing,Manufacture of synthetic resin,78061744849.00,61744849.00,http://www.leading.net.au,2011/2012,http://www.npi.gov.au/npidata/action/load/individual-facility-detail/criteria/state/VIC/year/2012/jurisdiction-facility/00004055
Qenos Resins,0.52,High,2.22,qenos,100.00,QENOS P/L,VIC,Altona,611 KOROROIT CREEK RD,3018,1821,Synthetic Resin and Synthetic Rubber Manufacturing,Polyethylene and polypropylene production,62054196771.00,54196771.00,http://www.qenos.com.au,2002/2003,http://www.npi.gov.au/npidata/action/load/individual-facility-detail/criteria/state/VIC/year/2003/jurisdiction-facility/00004089
Boral Quarry Bacchus Marsh,0.52,High,0.00,,58.82,BORAL RESOURCES (VIC) PTY LIMITED,VIC,Bacchus Marsh,BONNIE VALE RD,3340,911,Gravel and Sand Quarrying,Sand and Gravel Extraction with Processing (washing) Plant,87004620731.00,4620731.00,http://www.boral.com.au,2023/2024,http://www.npi.gov.au/npidata/action/load/individual-facility-detail/criteria/state/VIC/year/2024/jurisdiction-facility/00010132
Midfield Co-Products,0.51,High,2.20,midfield products,100.00,MIDFIELD CO-PRODUCTS PTY LTD,VIC,Warrnambool,LEVYS PT,3280,1111,Meat Processing,Rendering Plant,58005186434.00,5186434.00,http://www.midfield.com.au,2021/2022,http://www.npi.gov.au/npidata/action/load/individual-facility-detail/criteria/state/VIC/year/2022/jurisdiction-facility/00004311
Wodonga,0.51,High,2.20,wodonga quarries,100.00,WODONGA QUARRIES PTY LTD,VIC,West Wodonga,136 EDWARDS RD,3690,911,Gravel and Sand Quarrying,"Sand quarrying, washing or screening",26006795857.00,6795857.00,,2023/2024,http://www.npi.gov.au/npidata/action/load/individual-facility-detail/criteria/state/VIC/year/2024/jurisdiction-facility/00030851
GIRGARRE,0.50,High,0.00,,52.63,ACM PROCESSING PTY LTD,VIC,Girgarre,506 CURR RD,3624,1131,Milk and Cream Processing,Dairy processing,34622519322.00,622519322.00,,2023/2024,http://www.npi.gov.au/npidata/action/load/individual-facility-detail/criteria/state/VIC/year/2024/jurisdiction-facility/00030736
Brimbank,0.50,High,0.00,,57.14,HEXION PTY LTD,VIC,Deer Park,"GATE 3, 765 BALLARAT RD",3023,1821,Synthetic Resin and Synthetic Rubber Manufacturing,Manufacture of formaldehyde based resins,32004271827.00,4271827.00,,2023/2024,http://www.npi.gov.au/npidata/action/load/individual-facility-detail/criteria/state/VIC/year/2024/jurisdiction-facility/00028989
FRASER ROAD LANDFILL,0.50,High,0.00,,61.90,BAXTER BUSINESS PTY LTD,VIC,Clayton South,FRASER RD,3169,2921,Waste Treatment and Disposal Services,Landfill,38099593594.00,99593594.00,http://www.cleanaway.com.au,2023/2024,http://www.npi.gov.au/npidata/action/load/individual-facility-detail/criteria/state/VIC/year/2024/jurisdiction-facility/00022864
HUHTAMAKI FIBER FOODSERVICE PRESTON,0.50,High,0.00,,64.29,HUHTAMAKI AUSTRALIA PTY LIMITED,VIC,Preston,77 RAGLAN ST,3072,1510,"Pulp, Paper and Paperboard Manufacturing",Manufacture of Paper Pulp Moulded Fibre Packaging Products,43003122843.00,3122843.00,http://www.huhtamaki.com,2023/2024,http://www.npi.gov.au/npidata/action/load/individual-facility-detail/criteria/state/VIC/year/2024/jurisdiction-facility/00029064
ContiTech Australia,0.49,Medium,5.00,contitech australia,100.00,CONTITECH AUSTRALIA PTY LTD,VIC,Bayswater,8 DUNLOP CT,3153,1920,Natural Rubber Product Manufacturing,Conveyor belt manufacture,97000468780.00,468780.00,,2023/2024,http://www.npi.gov.au/npidata/action/load/individual-facility-detail/criteria/state/VIC/year/2024/jurisdiction-facility/00003987
Old Geelong Road landfill,0.48,Medium,0.00,,59.57,BROOKLYN HUB PTY LTD,VIC,Brooklyn,174 OLD GEELONG RD,3012,2921,Waste Treatment and Disposal Services,Former landfill - historical waste landfill operations have ceased,,609296808.00,,2023/2024,http://www.npi.gov.au/npidata/action/load/individual-facility-detail/criteria/state/VIC/year/2024/jurisdiction-facility/00006985
Aspen Australia Dandenong,0.48,Medium,5.00,c3 australia,85.71,ASPEN PHARMA PTY LTD,VIC,Dandenong,300 FRANKSTON-DANDENONG RD,3175,1841,Human Pharmaceutical and Medicinal Product Manufacturing,Manufacture of pharmaceutical products,88004118594.00,4118594.00,http://intranet-aspen.scl.signet.com.au/,2023/2024,http://www.npi.gov.au/npidata/action/load/individual-facility-detail/criteria/state/VIC/year/2024/jurisdiction-facility/00006830
AIRSTEP AUSTRALIA PTY LTD,0.47,Medium,5.00,airstep australia,100.00,AIRSTEP AUSTRALIA PTY LTD,VIC,Dandenong,20 SOUTH GIPPSLAND HWY,3175,1920,Natural Rubber Product Manufacturing,Carpet Underlay Manufacturing & Warehousing,24144967215.00,144967215.00,http://www.airstep.com.au,2023/2024,http://www.npi.gov.au/npidata/action/load/individual-facility-detail/criteria/state/VIC/year/2024/jurisdiction-facility/00004082
Holden's Boiler House,0.47,Medium,1.12,gm holden,80.00,RCR TOMLINSON LTD,VIC,Port Melbourne,241 SALMON ST,3207,2611,Fossil Fuel Electricity Generation,Generation of high temperature hot water,81008898486.00,8898486.00,http://www.rcrtom.com.au,2007/2008,http://www.npi.gov.au/npidata/action/load/individual-facility-detail/criteria/state/VIC/year/2008/jurisdiction-facility/00024804
BALLARAT CITY COUNCIL,0.47,Medium,1.12,hobart city council,85.00,BALLARAT CITY COUNCIL,VIC,Smythesdale,"BMG BORAL GRAVEL PITS, GLENELG HWY",3351,2921,Waste Treatment and Disposal Services,Site established for the disposal of general domestic and commercial waste within the Highlands Regional Group.,37601599422.00,,,2005/2006,http://www.npi.gov.au/npidata/action/load/individual-facility-detail/criteria/state/VIC/year/2006/jurisdiction-facility/00006932
Visy Melbourne Plant,0.47,Medium,0.00,,62.07,VISY GLASS OPERATIONS (AUSTRALIA) PTY LTD,VIC,Spotswood,BOOKER ST,3015,2010,Glass and Glass Product Manufacturing,Manufacture of glass containers,94004230326.00,4230326.00,http://www.visy.com,2023/2024,http://www.npi.gov.au/npidata/action/load/individual-facility-detail/criteria/state/VIC/year/2024/jurisdiction-facility/00004231
Amcor Flexibles Asia Pacific - Moorabbin,0.47,Medium,5.00,amcor flexibles australia,75.00,AMCOR FLEXIBLES (AUSTRALIA) PTY LTD,VIC,Moorabbin,15 KEYS RD,3189,1611,Printing,"Manufacture of flexible packaging to food, pharmaceutical and general industry",46113833748.00,113833748.00,http://www.amcor.com,2023/2024,http://www.npi.gov.au/npidata/action/load/individual-facility-detail/criteria/state/VIC/year/2024/jurisdiction-facility/00004077
Denyer Rd Landfill,0.46,Medium,0.00,,61.54,GANNAWARRA SHIRE COUNCIL,VIC,Kerang,PT OF C/A 55 DENYER RD,3579,2921,Waste Treatment and Disposal Services,Waste Disposal,98993182937.00,,http://www.gannawarra.vic.gov.au,2021/2022,http://www.npi.gov.au/npidata/action/load/individual-facility-detail/criteria/state/VIC/year/2022/jurisdiction-facility/00006951
Dartmoor Sawmill,0.46,Medium,0.00,,64.52,GREEN TRIANGLE FOREST PRODUCTS LTD,VIC,Dartmoor,LINDSAY RD,3304,1411,Log Sawmilling,"Timber milling: debarking, cutting, drying and planing of pine logs; copper-chrome-arsenate (CCA) timber treatment.",24087010446.00,87010446.00,,2007/2008,http://www.npi.gov.au/npidata/action/load/individual-facility-detail/criteria/state/VIC/year/2008/jurisdiction-facility/00004817
GRAMPIANS WOOL INDUSTRIES P/L,0.46,Medium,1.12,grampians wool industries p l,100.00,GRAMPIANS WOOL INDUSTRIES P/L,VIC,Hamilton,86-94 LODGE RD,3300,1311,Wool Scouring,Wool scouring and carbonising,30006822082.00,6822082.00,,2007/2008,http://www.npi.gov.au/npidata/action/load/individual-facility-detail/criteria/state/VIC/year/2008/jurisdiction-facility/00004451
Selkirk Pty Ltd,0.46,Medium,0.00,,50.00,SELKIRK PTY LTD,VIC,Ballarat,630 HOWITT ST,3350,2021,Clay Brick Manufacturing,Clay brick manufacturing,,608443410.00,http://www.selkirk.com.au,2023/2024,http://www.npi.gov.au/npidata/action/load/individual-facility-detail/criteria/state/VIC/year/2024/jurisdiction-facility/00004340
Leitchville Site,0.45,Medium,0.00,,57.89,MURRAY GOULBURN CO-OP CO LTD,VIC,Leitchville,KING ALBERT AV,3567,1131,Milk and Cream Processing,Manufacture of cheddar cheese and and whey processing.,23004277089.00,4277089.00,,2009/2010,http://www.npi.gov.au/npidata/action/load/individual-facility-detail/criteria/state/VIC/year/2010/jurisdiction-facility/00004593
Coldstream Landfill & Waste Transfer Centre,0.44,Medium,2.20,ace waste,71.43,YARRA RANGES SHIRE COUNCIL,VIC,Coldstream,CNR INGRAM RD & LEONARD RD,3770,2921,Waste Treatment and Disposal Services,"Landfill operations, and the recovery and recycling of waste deposited at the recovery and waste transfer centre.",21973226012.00,,,2004/2005,http://www.npi.gov.au/npidata/action/load/individual-facility-detail/criteria/state/VIC/year/2005/jurisdiction-facility/00006999
Tylden Quarry,0.44,Medium,0.00,,63.16,FULTON HOGAN QUARRIES PTY LTD,VIC,Tylden,11-22 WOODEND RD,3444,990,Other Non-Metallic Mineral Mining and Quarrying,Quarry,16004475076.00,4475076.00,http://www.fultonhogan.com.au,2023/2024,http://www.npi.gov.au/npidata/action/load/individual-facility-detail/criteria/state/VIC/year/2024/jurisdiction-facility/00030540
Portland Landfill,0.44,Medium,2.21,landfill operations,72.22,GLENELG SHIRE COUNCIL,VIC,Portland,DERRIL RD,3305,2921,Waste Treatment and Disposal Services,Landfill (Closed),48217289490.00,,http://www.glenelg.vic.gov.au,2020/2021,http://www.npi.gov.au/npidata/action/load/individual-facility-detail/criteria/state/VIC/year/2021/jurisdiction-facility/00006977
CHH Morwell Sawmill,0.44,Medium,0.00,,64.71,CARTER HOLT HARVEY PLYWOOD PTY LTD,VIC,Hazelwood North,340 TRAMWAY RD,3840,1411,Log Sawmilling,Processing of timber for the building industry.,,2993106.00,http://www.chh.com,2017/2018,http://www.npi.gov.au/npidata/action/load/individual-facility-detail/criteria/state/VIC/year/2018/jurisdiction-facility/00004617
Corangamite Regional Landfill,0.43,Medium,2.21,landfill operations,66.67,CORANGAMITE SHIRE COUNCIL,VIC,Naroghid,LOT 2 PS82958 SECTION 4 COUNTY BOUNDARY & FOREST PARK RDS,3266,2921,Waste Treatment and Disposal Services,Waste disposal,87042518438.00,,http://www.corangamite.vic.gov.au,2023/2024,http://www.npi.gov.au/npidata/action/load/individual-facility-detail/criteria/state/VIC/year/2024/jurisdiction-facility/00006949
Benalla Landfill,0.43,Medium,2.20,landfill gas and power,66.67,DELATITE SHIRE COUNCIL,VIC,Benalla,OLD FARNLEY RD,3672,2921,Waste Treatment and Disposal Services,Waste disposal,,,http://www.delatite.vic.gov.au,2000/2001,http://www.npi.gov.au/npidata/action/load/individual-facility-detail/criteria/state/VIC/year/2001/jurisdiction-facility/00006986
Cobram Boilerhouse,0.43,Medium,0.00,,56.25,MURRAY GOULBURN CO-OPERATIVE CO LIMITED,VIC,Cobram,KAROOK ST,3644,2611,Fossil Fuel Electricity Generation,The 60 MW boiler house was modified during the 2014/15 financial year to burn natural gas instead of briquettes.,23004277089.00,4277089.00,,2014/2015,http://www.npi.gov.au/npidata/action/load/individual-facility-detail/criteria/state/VIC/year/2015/jurisdiction-facility/00020298
Esso - Crude Oil Stabilisation Plant,0.43,Medium,0.00,,50.00,ESSO AUSTRALIA PTY LTD,VIC,Longford,GARRETTS RD,3851,700,Oil and Gas Extraction,Crude oil stabilisation and gas processing,49000018566.00,18566.00,http://www.exxonmobil.com.au,2023/2024,http://www.npi.gov.au/npidata/action/load/individual-facility-detail/criteria/state/VIC/year/2024/jurisdiction-facility/00004347
Foster Landfill,0.43,Medium,2.21,landfill operations,70.59,SOUTH GIPPSLAND SHIRE COUNCIL,VIC,Foster,SOUTH GIPPSLAND HWY,3960,2921,Waste Treatment and Disposal Services,Waste disposal,67816770786.00,,,2002/2003,http://www.npi.gov.au/npidata/action/load/individual-facility-detail/criteria/state/VIC/year/2003/jurisdiction-facility/00007000
CRYSTAL OCEAN FPSO,0.43,Medium,0.00,,60.00,ROC OIL (VIC) PTY LIMITED,VIC,Orbost,OFFSHORE EASTERN BASS STRAIT,3888,700,Oil and Gas Extraction,Hydrocarbon processing for stabilised crude on the Floating Production Storage Off-take (FPSO) vessel moored in Basker-Manta-Gummy fields in Eastern Bass Strait.,46107406771.00,107406771.00,http://www.rocoil.com.au,2010/2011,http://www.npi.gov.au/npidata/action/load/individual-facility-detail/criteria/state/VIC/year/2011/jurisdiction-facility/00029066
Western Recycle,0.43,Medium,2.20,western energy,68.97,WESTERN LAND RECLAMATION P/L,VIC,Brooklyn,JONES RD,3012,2921,Waste Treatment and Disposal Services,Waste disposal services,49005369086.00,5369086.00,http://www.sunshinegroupe.com.au,2021/2022,http://www.npi.gov.au/npidata/action/load/individual-facility-detail/criteria/state/VIC/year/2022/jurisdiction-facility/00019290
HAMILTON LANDFILL,0.43,Medium,2.21,landfill operations,72.22,SOUTHERN GRAMPIANS SHIRE COUNCIL,VIC,Hamilton,CNR ELIJAH ST & DALE ST,3300,2921,Waste Treatment and Disposal Services,Landfill and resource recovery facility,55135536448.00,,http://www.sthgrampians.vic.gov.au,2019/2020,http://www.npi.gov.au/npidata/action/load/individual-facility-detail/criteria/state/VIC/year/2020/jurisdiction-facility/00006997
Koorlong Landfill,0.43,Medium,2.21,landfill operations,72.22,MILDURA RURAL CITY COUNCIL,VIC,Koorlong,TWENTIETH ST,3501,2921,Waste Treatment and Disposal Services,Landfill - closed 2001,42498937037.00,,http://www.mrcc.vic.gov.au,2006/2007,http://www.npi.gov.au/npidata/action/load/individual-facility-detail/criteria/state/VIC/year/2007/jurisdiction-facility/00006974
HEPBURN SHIRE COUNCIL,0.43,Medium,2.21,baw baw shire council,86.67,HEPBURN SHIRE COUNCIL,VIC,Daylesford,DAYLESFORD LANDFILL AJAX RD,3460,2921,Waste Treatment and Disposal Services,Details not supplied.,,,,2002/2003,http://www.npi.gov.au/npidata/action/load/individual-facility-detail/criteria/state/VIC/year/2003/jurisdiction-facility/00006937
Kilmore Landfill,0.43,Medium,2.20,landfill gas and power,66.67,MITCHELL SHIRE COUNCIL,VIC,Kilmore,WALDERS RD,3764,2921,Waste Treatment and Disposal Services,Landfill,27352592142.00,,http://www.mitchellshire.vic.gov.au,2011/2012,http://www.npi.gov.au/npidata/action/load/individual-facility-detail/criteria/state/VIC/year/2012/jurisdiction-facility/00006998
Greenham Gippsland,0.43,Medium,2.20,greenham gippsland,100.00,GREENHAM GIPPSLAND PTY LTD,VIC,Moe,330 MOE-WALHALLA RD,3825,1111,Meat Processing,Abattoir - Meat Processing,85622028728.00,622028728.00,https://www.greenham.com.au/,2023/2024,http://www.npi.gov.au/npidata/action/load/individual-facility-detail/criteria/state/VIC/year/2024/jurisdiction-facility/00030836
Kangaroo Ground Landfill,0.43,Medium,2.20,landfill gas and power,65.22,NILLUMBIK SHIRE COUNCIL,VIC,Kangaroo Ground,GRAHAM RD,3097,2921,Waste Treatment and Disposal Services,Landfill,64487894794.00,,http://www.nillumbik.vic.gov.au,2006/2007,http://www.npi.gov.au/npidata/action/load/individual-facility-detail/criteria/state/VIC/year/2007/jurisdiction-facility/00006975
BAW BAW SHIRE COUNCIL,0.43,Medium,2.21,baw baw shire council,100.00,BAW BAW SHIRE COUNCIL,VIC,Lardner,SIMPSONS RD,3821,2921,Waste Treatment and Disposal Services,Landfill closed 1999,47274526683.00,,,2002/2003,http://www.npi.gov.au/npidata/action/load/individual-facility-detail/criteria/state/VIC/year/2003/jurisdiction-facility/00006924
Caroma Industries Ltd,0.42,Medium,1.12,bis industries,83.33,CAROMA INDUSTRIES LTD,VIC,Coburg,148 SUSSEX ST,3058,2029,Other Ceramic Product Manufacturing,Manufacture of vitreous china sanitary ware,35000189499.00,189499.00,http://www.caroma.com.au,2005/2006,http://www.npi.gov.au/npidata/action/load/individual-facility-detail/criteria/state/VIC/year/2006/jurisdiction-facility/00004222
Bacchus Marsh,0.41,Medium,0.00,,53.33,BARRO GROUP PTY LIMITED,VIC,Darley,2668 GISBORNE ROAD,3340,911,Gravel and Sand Quarrying,"Sand quarrying, washing or screening",42005105724.00,5105724.00,,2023/2024,http://www.npi.gov.au/npidata/action/load/individual-facility-detail/criteria/state/VIC/year/2024/jurisdiction-facility/00030850
Bacchus Marsh,0.41,Medium,0.00,,53.33,MOORABOOL SHIRE COUNCIL,VIC,Maddingley,NORTH SIDE OF KERRS RD,3340,2921,Waste Treatment and Disposal Services,Landfill,29352754296.00,,http://www.moorabool.vic.gov.au,2008/2009,http://www.npi.gov.au/npidata/action/load/individual-facility-detail/criteria/state/VIC/year/2009/jurisdiction-facility/00006984
Cathies Lane Landfill Site,0.41,Medium,0.00,,62.22,KNOX CITY COUNCIL,VIC,Wantirna South,CNR HIGH ST & CATHIES LA,3152,2921,Waste Treatment and Disposal Services,Disposal of non hazardous putrescible and solid inert waste,24477480661.00,,http://www.knox.vic.gov.au,2003/2004,http://www.npi.gov.au/npidata/action/load/individual-facility-detail/criteria/state/VIC/year/2004/jurisdiction-facility/00004320
Cobden,0.41,Medium,0.00,,53.33,FONTERRA AUSTRALIA PTY LTD,VIC,Cobden,129 CURDIE ST,3266,1131,Milk and Cream Processing,Dairy product manufacturing,52006483665.00,6483665.00,http://www.fonterra.com,2023/2024,http://www.npi.gov.au/npidata/action/load/individual-facility-detail/criteria/state/VIC/year/2024/jurisdiction-facility/00004343
KOROIT SITE,0.41,Medium,0.00,,51.61,BEGA CHEESE LIMITED,VIC,Koroit,MIDGLEY ST,3282,1131,Milk and Cream Processing,Dairy food processing plant,81008358503.00,8358503.00,,2023/2024,http://www.npi.gov.au/npidata/action/load/individual-facility-detail/criteria/state/VIC/year/2024/jurisdiction-facility/00004336
The Packaging Company,0.40,Medium,5.00,opal packaging australia,81.82,VISY BOARD P/L,VIC,Reservoir,262-266 EDWARDES ST,3073,1521,Corrugated Paperboard and Paperboard Container Manufacturing,Making corrugated cardboard from recycled paper and converting it into cardboard boxes.,58005787913.00,5787913.00,http://www.visy.com.au,2003/2004,http://www.npi.gov.au/npidata/action/load/individual-facility-detail/criteria/state/VIC/year/2004/jurisdiction-facility/00004845
ALTONA PROPERTIES P/L,0.40,Medium,5.00,simplot australia properties,69.39,ALTONA PROPERTIES P/L,VIC,Altona,599 KOROROIT CREEK RD,3018,1821,Synthetic Resin and Synthetic Rubber Manufacturing,Covers four months of PVC manufacturing operations and eight months of plant decommissioning.,59078616654.00,78616654.00,http://www.av.com.au,2002/2003,http://www.npi.gov.au/npidata/action/load/individual-facility-detail/criteria/state/VIC/year/2003/jurisdiction-facility/00004158
AXEDALE SANDS quarry,0.39,Medium,0.00,,62.50,HEIDELBERG MATERIALS AUSTRALIA PTY LTD,VIC,Axedale,MCIVOR HWY,3551,911,Gravel and Sand Quarrying,Quarrying,90009679734.00,9679734.00,https://www.heidelbergmaterials.com.au/en,2023/2024,http://www.npi.gov.au/npidata/action/load/individual-facility-detail/criteria/state/VIC/year/2024/jurisdiction-facility/00030730
Ford - Broadmeadows Plant,0.39,Medium,0.00,,55.32,FORD MOTOR COMPANY OF AUSTRALIA LIMITED,VIC,Campbellfield,1727-1743 SYDNEY RD,3061,2311,Motor Vehicle Manufacturing,Motor vehicle manufacturing,30004116223.00,4116223.00,http://www.ford.com.au,2016/2017,http://www.npi.gov.au/npidata/action/load/individual-facility-detail/criteria/state/VIC/year/2017/jurisdiction-facility/00004019
AIR LIQUIDE AUST LTD,0.39,Medium,5.00,air liquide australia,86.49,AIR LIQUIDE AUST LTD,VIC,Altona,631 KOROROIT CREEK RD,3018,1811,Industrial Gas Manufacturing,"Manufacture and distribution of industrial gases (Oxygen, Nitrogen, Argon and Carbon Dioxide)",57004385782.00,4385782.00,http://www.airliquide.com.au,2006/2007,http://www.npi.gov.au/npidata/action/load/individual-facility-detail/criteria/state/VIC/year/2007/jurisdiction-facility/00007069
Rockbank Quarry,0.37,Medium,2.20,quarry products,66.67,CENTRAL PRE-MIX CONCRETE PTY LTD,VIC,Rockbank,393 LEAKES RD,3335,919,Other Construction Material Mining,Quarrying of road base and concrete aggregates,62008070862.00,8070862.00,http://www.adbri.com.au,2023/2024,http://www.npi.gov.au/npidata/action/load/individual-facility-detail/criteria/state/VIC/year/2024/jurisdiction-facility/00022767
ASSA ABLOY AUSTRALIA PTY LIMITED,0.36,Medium,5.00,assa abloy australia,100.00,ASSA ABLOY AUSTRALIA PTY LIMITED,VIC,Oakleigh,235 HUNTINGDALE RD,3166,2299,Other Fabricated Metal Product Manufacturing n.e.c.,"Manufacturing of security products, including zinc diecasting, electroplating and assembly processes.",90086451907.00,86451907.00,http://www.assaabloy.com.au,2023/2024,http://www.npi.gov.au/npidata/action/load/individual-facility-detail/criteria/state/VIC/year/2024/jurisdiction-facility/00026936
JOHNSON TILES P/L,0.36,Medium,0.00,,55.17,JOHNSON TILES P/L,VIC,Bayswater,421 DORSET RD,3153,2029,Other Ceramic Product Manufacturing,Manufacture of glazed ceramic wall tiles,66004576103.00,4576103.00,http://www.johnsontiles.com.au,2003/2004,http://www.npi.gov.au/npidata/action/load/individual-facility-detail/criteria/state/VIC/year/2004/jurisdiction-facility/00003990
Lilydale Lime Manufacturing Plant,0.34,Medium,2.25,mcneil manufacturing,78.79,SIBELCO LIME (VICTORIA) PTY LTD,VIC,Lilydale,CAVE HILL RD,3140,2031,Cement and Lime Manufacturing,Quarrying limestone and producing crushed limestone products. Calcining limestone to produce quicklime. Hydrating quicklime to produce hydrated lime.,78055274569.00,55274569.00,http://www.sibelco.com.au,2015/2016,http://www.npi.gov.au/npidata/action/load/individual-facility-detail/criteria/state/VIC/year/2016/jurisdiction-facility/00004005
CLARINDA RECYCLING,0.34,Medium,2.08,boral recycling,75.00,RECYCLING INDUSTRIES PTY LTD,VIC,Clarinda,275 KINGSTON RD,3169,2922,Waste Remediation and Materials Recovery Services,Construction and demolition recycling,18067043994.00,67043994.00,http://www.alexfraser.com.au,2023/2024,http://www.npi.gov.au/npidata/action/load/individual-facility-detail/criteria/state/VIC/year/2024/jurisdiction-facility/00030735
Bonlac Foods Camperdown,0.33,Medium,0.00,,63.83,BONLAC FOODS LTD,VIC,Camperdown,MANIFOLD ST,3260,1131,Milk and Cream Processing,Dairy plant.,,6483665.00,http://www.bonlac.com.au,1999/2000,http://www.npi.gov.au/npidata/action/load/individual-facility-detail/criteria/state/VIC/year/2000/jurisdiction-facility/00004373
AGL Symex Cogeneration Unit,0.32,Medium,2.20,osborne cogeneration,75.00,AGL ENERGY SALES & MARKETING LIMITED,VIC,Port Melbourne,101 BOUNDARY RD,3207,2611,Fossil Fuel Electricity Generation,Natural Gas Cogeneration Unit,18076092067.00,76092067.00,,2012/2013,http://www.npi.gov.au/npidata/action/load/individual-facility-detail/criteria/state/VIC/year/2013/jurisdiction-facility/00022831
Australian Lamb (Colac) Pty Ltd,0.32,Medium,2.20,australian lamb colac,100.00,AUSTRALIAN LAMB (COLAC) PTY LTD,VIC,Colac,1 TRISTANIA DR,3250,1111,Meat Processing,Meat Processing,56087919944.00,87919944.00,https://minervafoods.com,2023/2024,http://www.npi.gov.au/npidata/action/load/individual-facility-detail/criteria/state/VIC/year/2024/jurisdiction-facility/00022776
REID BROS TIMBER PTY LTD,0.32,Medium,2.20,reid bros timber,100.00,REID BROS TIMBER PTY LTD,VIC,Yarra Junction,30-42  LITTLE YARRA RD,3797,1411,Log Sawmilling,Saw milling and kiln drying of timber,72118338211.00,118338211.00,,2023/2024,http://www.npi.gov.au/npidata/action/load/individual-facility-detail/criteria/state/VIC/year/2024/jurisdiction-facility/00029278
ROCLA PTY LIMITED,0.32,Medium,2.20,rocla,100.00,ROCLA PTY LIMITED,VIC,Campbellfield,BOLINDA RD,3061,2034,Concrete Product Manufacturing,Manufacture of concrete products,31000032191.00,32191.00,http://www.rocla.com.au,2020/2021,http://www.npi.gov.au/npidata/action/load/individual-facility-detail/criteria/state/VIC/year/2021/jurisdiction-facility/00004861
AGL Somerton Power Station,0.32,Medium,2.20,exmouth power station,76.47,AGL POWER GENERATION PTY LIMITED,VIC,Somerton,40 OHERNS RD,3062,2611,Fossil Fuel Electricity Generation,Peaking Power Generation 170MW,45086586192.00,86586192.00,http://www.agl.com.au,2023/2024,http://www.npi.gov.au/npidata/action/load/individual-facility-detail/criteria/state/VIC/year/2024/jurisdiction-facility/00021386
Fairfax media Wendouree ACM,0.31,Medium,2.20,fairfax media,100.00,FAIRFAX MEDIA LIMITED,VIC,Wendouree,30-32 GRANDLEE DR,3355,1611,Printing,Printing,15008663161.00,8663161.00,,2019/2020,http://www.npi.gov.au/npidata/action/load/individual-facility-detail/criteria/state/VIC/year/2020/jurisdiction-facility/00030635
Frew Kyneton Pty Ltd,0.31,Medium,2.20,frew kyneton,100.00,FREW (KYNETON) PTY LTD,VIC,Melton,82 – 98 FERRIS RD ,3777,1111,Meat Processing,Meat processing and packaging,25006627729.00,6627729.00,,2010/2011,http://www.npi.gov.au/npidata/action/load/individual-facility-detail/criteria/state/VIC/year/2011/jurisdiction-facility/00004053
VICTORIA WOOL PROCESSORS (AUST) PTY LTD,0.31,Medium,2.20,victoria wool processors aust,100.00,VICTORIA WOOL PROCESSORS (AUST) PTY LTD,VIC,Laverton North,38-44 DOHERTYS RD,3026,1311,Wool Scouring,Wool scouring,38050032356.00,50032356.00,,2023/2024,http://www.npi.gov.au/npidata/action/load/individual-facility-detail/criteria/state/VIC/year/2024/jurisdiction-facility/00029246
PHILLIPS BRICKS & POTTERY PROPRIETARY LIMITED,0.31,Medium,1.60,phillips bricks and pottery proprietary,100.00,PHILLIPS BRICKS & POTTERY PROPRIETARY LIMITED,VIC,Bendigo,MCIVOR HWY,3550,2021,Clay Brick Manufacturing,Clay brick manufacturing,28004549213.00,4549213.00,http://www.selkirk.com.au,2013/2014,http://www.npi.gov.au/npidata/action/load/individual-facility-detail/criteria/state/VIC/year/2014/jurisdiction-facility/00004066
Henry Jones Foods - Goulburn Valley Creamery,0.31,Medium,2.20,henry jones foods,100.00,HENRY JONES FOODS PTY LTD,VIC,Kyabram,85 MCCORMICK ROAD,3620,1131,Milk and Cream Processing,"Manufacturing of dairy products and sauces
",93636288474.00,636288474.00,https://www.henryjonesfoods.com.au,2023/2024,http://www.npi.gov.au/npidata/action/load/individual-facility-detail/criteria/state/VIC/year/2024/jurisdiction-facility/00007635
Heytesbury Gas Facility,0.31,Medium,0.00,,56.52,ORIGIN ENERGY RESOURCES LTD,VIC,Timboon,GAS WORKS RD NORTH PAARATTE,3268,700,Oil and Gas Extraction,Gas extraction and production,66007845338.00,7845338.00,http://www.santos.com.au,2004/2005,http://www.npi.gov.au/npidata/action/load/individual-facility-detail/criteria/state/VIC/year/2005/jurisdiction-facility/00009624
CCL Secure,0.31,Medium,2.21,ccl secure,100.00,CCL SECURE PTY LTD,VIC,Craigieburn,1 POTTER ST,3064,1611,Printing,Security printing - gravure on polymer,13072353452.00,72353452.00,http://www.cclsecure.com,2023/2024,http://www.npi.gov.au/npidata/action/load/individual-facility-detail/criteria/state/VIC/year/2024/jurisdiction-facility/00019576
AIW PRINTING PTY LTD,0.31,Medium,2.20,aiw printing,100.00,AIW PRINTING PTY LTD,VIC,Springvale,26-30 PARSONS AV,3171,1611,Printing,"The facility operates printing presses and produces retail catalogues, magazine, newspaper inserts and advertising brochures.",35093344328.00,93344328.00,http://www.aiwprinting.com.au,2015/2016,http://www.npi.gov.au/npidata/action/load/individual-facility-detail/criteria/state/VIC/year/2016/jurisdiction-facility/00026446
Ararat Abattoir,0.31,Medium,2.20,cowra abattoir,75.86,ALINDARE PTY. LTD.,VIC,Ararat,NOTT RD,3377,1111,Meat Processing,Processing sheep and goats,62062233569.00,62233569.00,,2023/2024,http://www.npi.gov.au/npidata/action/load/individual-facility-detail/criteria/state/VIC/year/2024/jurisdiction-facility/00006820
OVATO PRINT PTY LTD,0.31,Medium,2.21,pmp print,71.43,OVATO PRINT PTY LTD,VIC,Clayton,37-49 BROWNS RD,3168,1611,Printing,Printing - Heatset web offset,76051706499.00,51706499.00,http://www.ovato.com.au,2020/2021,http://www.npi.gov.au/npidata/action/load/individual-facility-detail/criteria/state/VIC/year/2021/jurisdiction-facility/00007628
M.C. HERD PROPRIETARY LIMITED,0.31,Medium,2.20,m c herd proprietary,100.00,M.C. HERD PROPRIETARY LIMITED,VIC,Corio,245 BACCHUS MARSH RD,3214,1111,Meat Processing,Beef and lamb slaughtering and processing,80004289927.00,4289927.00,,2023/2024,http://www.npi.gov.au/npidata/action/load/individual-facility-detail/criteria/state/VIC/year/2024/jurisdiction-facility/00004098
Swan Hill Abattoirs,0.31,Medium,2.20,cowra abattoir,66.67,WOODWARD FOODS AUSTRALIA PTY LTD,VIC,Swan Hill,334C RIVER RD,3585,1111,Meat Processing,Meat processing & rendering,93623470575.00,623470575.00,https://www.woodwardfoods.com.au/,2023/2024,http://www.npi.gov.au/npidata/action/load/individual-facility-detail/criteria/state/VIC/year/2024/jurisdiction-facility/00004457
Labelmakers - Somerton,0.31,Medium,2.25,labelmakers group,78.57,LABELMAKERS GROUP PTY LTD,VIC,Somerton,55 AUSTRAK DR,3062,1911,Polymer Film and Sheet Packaging Material Manufacturing,Packaging Material Manufacturing,41114717814.00,114717814.00,,2023/2024,http://www.npi.gov.au/npidata/action/load/individual-facility-detail/criteria/state/VIC/year/2024/jurisdiction-facility/00006873
GLASSMETAL INDUSTRIES PTY LTD,0.31,Medium,2.20,glassmetal industries,100.00,GLASSMETAL INDUSTRIES PTY LTD,VIC,Moolap,57-77 MOON ST,3221,2010,Glass and Glass Product Manufacturing,"Manufacture of vitreous enamel products such as signs, murals, architectural panels and heaters.",81006652259.00,6652259.00,http://www.glassmetal.com.au,2013/2014,http://www.npi.gov.au/npidata/action/load/individual-facility-detail/criteria/state/VIC/year/2014/jurisdiction-facility/00004681
Viridian Clayton,0.30,Medium,2.20,viridian glass,73.33,VIRIDIAN GLASS PTY LTD,VIC,Clayton South,13-27 WHITESIDE RD,3169,2010,Glass and Glass Product Manufacturing,Manufacture of glass products,68006904052.00,6904052.00,http://www.viridianglass.com/default.aspx,2018/2019,http://www.npi.gov.au/npidata/action/load/individual-facility-detail/criteria/state/VIC/year/2019/jurisdiction-facility/00029088
Lancefield Landfill,0.30,Medium,0.00,,59.26,MACEDON RANGES SHIRE COUNCIL,VIC,Lancefield,BAYNTON RD,3435,2921,Waste Treatment and Disposal Services,Landfill,42686389537.00,,http://www.mrsc.vic.gov.au/,2010/2011,http://www.npi.gov.au/npidata/action/load/individual-facility-detail/criteria/state/VIC/year/2011/jurisdiction-facility/00006996
Hannanprint Victoria,0.30,Medium,2.08,hannanprint victoria,100.00,HANNANPRINT VICTORIA PTY LIMITED,VIC,Noble Park,504 PRINCES HWY,3174,1611,Printing,Heatset printing of magazines and catalogues,29100817712.00,100817712.00,http://www.hpvic.com.au,2016/2017,http://www.npi.gov.au/npidata/action/load/individual-facility-detail/criteria/state/VIC/year/2017/jurisdiction-facility/00022781
Nylex Industrial Products,0.30,Medium,2.21,cmi industrial,83.33,NYLEX CORP P/L,VIC,Sale,35 MCGHEE ST,3850,1911,Polymer Film and Sheet Packaging Material Manufacturing,Production of vinyl film/sheet and self adhesive products,21084725002.00,84725002.00,http://www.nylex.com.au,2007/2008,http://www.npi.gov.au/npidata/action/load/individual-facility-detail/criteria/state/VIC/year/2008/jurisdiction-facility/00004616
Beechworth Road Landfill,0.30,Medium,0.00,,60.47,WODONGA RURAL CITY COUNCIL,VIC,Wodonga,BEECHWORTH RD,3690,2921,Waste Treatment and Disposal Services,Landfill,63277160265.00,,http://www.wodonga.vic.gov.au,2008/2009,http://www.npi.gov.au/npidata/action/load/individual-facility-detail/criteria/state/VIC/year/2009/jurisdiction-facility/00007011
Casey Joint Venture User Group,0.30,Medium,0.00,,64.15,CASEY CITY COUNCIL,VIC,Cranbourne,"LOT 7,8,9,10,11 & 12 STEVENSONS RD",3977,2921,Waste Treatment and Disposal Services,Landfilling,43320295742.00,,http://www.casey.vic.gov.au,2006/2007,http://www.npi.gov.au/npidata/action/load/individual-facility-detail/criteria/state/VIC/year/2007/jurisdiction-facility/00022771
Carisbrook Landfill,0.30,Medium,0.00,,63.16,CENTRAL GOLDFIELDS SHIRE COUNCIL,VIC,Carisbrook,POTTS LA,3464,2921,Waste Treatment and Disposal Services,Waste Disposal,82120379784.00,,,2023/2024,http://www.npi.gov.au/npidata/action/load/individual-facility-detail/criteria/state/VIC/year/2024/jurisdiction-facility/00022780
Ensign Laboratories Pty Ltd,0.30,Medium,1.60,ensign laboratories proprietary,100.00,ENSIGN LABORATORIES PROPRIETARY LIMITED,VIC,Mulgrave,490-500  WELLINGTON RD,3170,1841,Human Pharmaceutical and Medicinal Product Manufacturing,"Manufacture of medicinal products, aerosols (insecticides, personal insect repellants, air fresheners, personal deodorants), sunscreens, toothpaste, body washes, skin cleansers, hair care and detergents.",11004395242.00,4395242.00,http://www.ensignlab.com.au,2023/2024,http://www.npi.gov.au/npidata/action/load/individual-facility-detail/criteria/state/VIC/year/2024/jurisdiction-facility/00027483
Myrtleford Landfill,0.29,Medium,0.00,,63.16,ALPINE SHIRE COUNCIL,VIC,Myrtleford,PT C/A 6 MORRISONS LA,3737,2921,Waste Treatment and Disposal Services,Municipal solid waste landfill,14821390281.00,,,2008/2009,http://www.npi.gov.au/npidata/action/load/individual-facility-detail/criteria/state/VIC/year/2009/jurisdiction-facility/00006987
Iveco trucks,0.28,Medium,3.38,iveco trucks australia,100.00,IVECO TRUCKS AUSTRALIA LTD,VIC,Dandenong,1-27 PRINCES HWY,3175,2311,Motor Vehicle Manufacturing,Heavy Truck Manufacturing,86004065061.00,4065061.00,http://www.iveco.com.au,2018/2019,http://www.npi.gov.au/npidata/action/load/individual-facility-detail/criteria/state/VIC/year/2019/jurisdiction-facility/00004026
DANIEL ROBERTSON AUST P/L,0.27,Medium,1.12,ers aust p l,80.00,DANIEL ROBERTSON AUST P/L,VIC,Nunawading,58-74 STATION ST,3131,2021,Clay Brick Manufacturing,Manufacture of clay bricks and pavers,65005008622.00,5008622.00,http://www.danielrobertson.com.au,2008/2009,http://www.npi.gov.au/npidata/action/load/individual-facility-detail/criteria/state/VIC/year/2009/jurisdiction-facility/00004201
Mildura Operations,0.26,Medium,2.38,hv operations,86.96,MURRAY BASIN TITANIUM P/L,VIC,Mildura,2/53 EIGHTH ST,3500,990,Other Non-Metallic Mineral Mining and Quarrying,"Heavy mineral concentrate is processed to produce rutile, zircon and ilmenite.",66082497827.00,82497827.00,http://www.cablesands.com.au/mbt,2002/2003,http://www.npi.gov.au/npidata/action/load/individual-facility-detail/criteria/state/VIC/year/2003/jurisdiction-facility/00016680
Buchan,0.25,Medium,0.00,,47.06,GRAYMONT (VICTORIA) PTY LTD,VIC,Buchan,GELANTIPY RD,3885,990,Other Non-Metallic Mineral Mining and Quarrying,Limestone quarrying,78055274569.00,55274569.00,http://www.graymont.com,2023/2024,http://www.npi.gov.au/npidata/action/load/individual-facility-detail/criteria/state/VIC/year/2024/jurisdiction-facility/00029408
Geelong Operations,0.25,Medium,2.38,glng operations,90.91,ALRECO PTY LTD,VIC,Moolap,80 BUCKLEY GV,3221,2139,Other Basic Non-Ferrous Metal Manufacturing,Recycling aluminium salt slag and dross,56132731018.00,132731018.00,http://www.mhml.com.au/aluminium.asp,2013/2014,http://www.npi.gov.au/npidata/action/load/individual-facility-detail/criteria/state/VIC/year/2014/jurisdiction-facility/00004185
GEELONG WOOL COMBING LTD,0.24,Low,2.20,riverina wool combing,75.00,GEELONG WOOL COMBING LTD,VIC,Corio,CNR HEALES RD & BRODERICK RD,3214,1311,Wool Scouring,Early stage wool processing including scouring and associated effluent treatment,22007072773.00,7072773.00,http://www.gwc.net.au,2002/2003,http://www.npi.gov.au/npidata/action/load/individual-facility-detail/criteria/state/VIC/year/2003/jurisdiction-facility/00016669
CMI Forge,0.23,Low,2.20,overall forge,71.43,NATIONAL FORGE LTD,VIC,Footscray West,465 SOMERVILLE RD,3012,2110,Iron Smelting and Steel Manufacturing,Forging & heat treatment of steel and aluminium automotive parts.,91052470327.00,52470327.00,http://www.cmilimited.com.au,2005/2006,http://www.npi.gov.au/npidata/action/load/individual-facility-detail/criteria/state/VIC/year/2006/jurisdiction-facility/00006628
SIGMA PHARMACEUTICALS P/L,0.22,Low,2.08,inova pharmaceuticals,83.33,SIGMA PHARMACEUTICALS P/L,VIC,Clayton,1408 CENTRE RD,3168,1841,Human Pharmaceutical and Medicinal Product Manufacturing,"Manufacture, filling, and packaging of liquid and cream pharmaceuticals, both sterile and non-sterile grade.",88004118594.00,4118594.00,,2006/2007,http://www.npi.gov.au/npidata/action/load/individual-facility-detail/criteria/state/VIC/year/2007/jurisdiction-facility/00024801
SHELTON TIMBER TREATMENT CO PTY LTD,0.22,Low,2.20,shelton timber treatment,100.00,SHELTON TIMBER TREATMENT CO PTY LTD,VIC,Colac,45 DRAPERS RD,3250,1413,Timber Resawing and Dressing,Treating softwood with chemical preservative(s),55004390185.00,4390185.00,,2023/2024,http://www.npi.gov.au/npidata/action/load/individual-facility-detail/criteria/state/VIC/year/2024/jurisdiction-facility/00021345
LORIMER TIMBER PTY LTD,0.22,Low,2.20,gympie timber,66.67,LORIMER TIMBER PTY LTD,VIC,Dandenong South,29 PRINCES HWY,3175,1499,Other Wood Product Manufacturing n.e.c.,Timber Treatment,,6615345.00,http://davidstimber.com.au,2023/2024,http://www.npi.gov.au/npidata/action/load/individual-facility-detail/criteria/state/VIC/year/2024/jurisdiction-facility/00021338
Sunshine Power Station,0.22,Low,2.20,exmouth power station,76.47,ENERGEX LTD,VIC,Albion,CARRINGTON RESERVE 8 HULLET ST,3020,2611,Fossil Fuel Electricity Generation,Peak-shaving operation electricity generation station using natural gas as a fuel.,40078849055.00,78849055.00,,2006/2007,http://www.npi.gov.au/npidata/action/load/individual-facility-detail/criteria/state/VIC/year/2007/jurisdiction-facility/00004211
Geelong Cement,0.22,Low,0.00,,60.00,ADELAIDE BRIGHTON CEMENT LTD,VIC,Fyansford,GEELONG CEMENT HYLAND ST,3221,2031,Cement and Lime Manufacturing,"Cement Manufacturing, including grinding and pyroprocessing of limestone, storage and despatch of portland and blended cements.",96007870199.00,7870199.00,http://www.adbri.com.au,2000/2001,http://www.npi.gov.au/npidata/action/load/individual-facility-detail/criteria/state/VIC/year/2001/jurisdiction-facility/00004076
HYLAND HIGHWAY LANDFILL,0.21,Low,0.00,,59.26,LATROBE CITY COUNCIL,VIC,Loy Yang,HYLAND HIGHWAY,3844,2921,Waste Treatment and Disposal Services,Landfill,92472314133.00,,,2023/2024,http://www.npi.gov.au/npidata/action/load/individual-facility-detail/criteria/state/VIC/year/2024/jurisdiction-facility/00029244
AUSTRALIAN BUILDING CERAMICS P/L,0.20,Low,0.00,,64.52,AUSTRALIAN BUILDING CERAMICS P/L,VIC,Dandenong,398-424 HAMMOND RD,3175,2029,Other Ceramic Product Manufacturing,Manufacture of ceramic tiles,50006334541.00,6334541.00,http://www.granito.com.au,2008/2009,http://www.npi.gov.au/npidata/action/load/individual-facility-detail/criteria/state/VIC/year/2009/jurisdiction-facility/00004172
Hanson Harkaway Quarry,0.20,Low,0.00,,57.14,HANSON CONSTRUCTION MATERIALS P/L,VIC,Harkaway,1-49 NOACK RD,3806,911,Gravel and Sand Quarrying,Quarrying,90009679734.00,9679734.00,http://www.hanson.com.au,2009/2010,http://www.npi.gov.au/npidata/action/load/individual-facility-detail/criteria/state/VIC/year/2010/jurisdiction-facility/00004510
Geelong Treated Timber,0.20,Low,2.20,shelton timber treatment,78.26,MISSAY P/L,VIC,Fyansford,315 HAMILTON HWY,3221,1413,Timber Resawing and Dressing,"Retail, wholesale and manufacture of treated pine timber products.",81007205414.00,7205414.00,http://www.atpgeelong.com.au,2006/2007,http://www.npi.gov.au/npidata/action/load/individual-facility-detail/criteria/state/VIC/year/2007/jurisdiction-facility/00021352
Pittong,0.19,Low,0.00,,52.63,SUVO MINERALS AUSTRALIA PTY LTD,VIC,Linton,PARISH OF ARGYLE C/A D4 & D5,3360,990,Other Non-Metallic Mineral Mining and Quarrying,"Non-metallic mineral product manufacturing including mining, wet refining and drying of kaolin",51004584141.00,4584141.00,,2023/2024,http://www.npi.gov.au/npidata/action/load/individual-facility-detail/criteria/state/VIC/year/2024/jurisdiction-facility/00007639
Athena Gas Plant,0.19,Low,0.00,,53.33,COOPER ENERGY (CH) PTY LTD,VIC,Port Campbell,192 BRUMBYS RD,3269,700,Oil and Gas Extraction,Processing of raw natural gas from offshore fields to pipeline quality for domestic and industrial uses.,70615355023.00,615355023.00,,2023/2024,http://www.npi.gov.au/npidata/action/load/individual-facility-detail/criteria/state/VIC/year/2024/jurisdiction-facility/00023854
Beechworth Quarry,0.19,Low,0.00,,60.61,SIBELCO AUSTRALIA LIMITED,VIC,Beechworth,FLAT ROCK RD,3747,990,Other Non-Metallic Mineral Mining and Quarrying,Mining of granite and processing of feldspar and other tailings products,20000971844.00,971844.00,http://www.sibelco.com.au,2014/2015,http://www.npi.gov.au/npidata/action/load/individual-facility-detail/criteria/state/VIC/year/2015/jurisdiction-facility/00029415
Blackmores Braeside,0.18,Low,0.00,,52.63,BLACKMORES LIMITED,VIC,Braeside,217-221 GOVERNOR RD,3195,1841,Human Pharmaceutical and Medicinal Product Manufacturing,Manufacture of pharmaceutical products,35009713437.00,9713437.00,http://www.blackmores.com.au,2023/2024,http://www.npi.gov.au/npidata/action/load/individual-facility-detail/criteria/state/VIC/year/2024/jurisdiction-facility/00030010
Portland Pine,0.18,Low,1.60,portland pine products proprietary,100.00,PORTLAND PINE PRODUCTS PROPRIETARY LIMITED,VIC,Heywood,MOUNT GAMBIER RD,3304,1411,Log Sawmilling,Timber Mill,90004485992.00,4485992.00,http://www.akd.com.au/,2023/2024,http://www.npi.gov.au/npidata/action/load/individual-facility-detail/criteria/state/VIC/year/2024/jurisdiction-facility/00030664
Perfection Packaging,0.18,Low,0.00,,62.86,PRO PAC GROUP PTY LIMITED,VIC,Dandenong South,19-25 NATHAN RD,3175,1611,Printing,"Printing, laminating and converting of flexible packaging materials.",50095393776.00,95393776.00,http://www.perfectionpackaging.com.au,2023/2024,http://www.npi.gov.au/npidata/action/load/individual-facility-detail/criteria/state/VIC/year/2024/jurisdiction-facility/00004197
Geelong Automotive,0.18,Low,0.00,,51.61,CSR VIRIDIAN LTD,VIC,Geelong North,24 MACKEY ST,3215,2010,Glass and Glass Product Manufacturing,Manufacture and distribution of automotive safety glass including laminated windscreens and toughened side and rear lights,68006904052.00,6904052.00,http://www.viridianglass.com,2008/2009,http://www.npi.gov.au/npidata/action/load/individual-facility-detail/criteria/state/VIC/year/2009/jurisdiction-facility/00019272
Forest St,0.18,Low,0.00,,55.56,REGAL CREAM PRODUCTS PTY LTD,VIC,Colac,91–149 FOREST ST,3250,1131,Milk and Cream Processing,Dairy product manufacturing,11005144481.00,5144481.00,http://www.bulla.com.au,2023/2024,http://www.npi.gov.au/npidata/action/load/individual-facility-detail/criteria/state/VIC/year/2024/jurisdiction-facility/00030641
Dairy Farmers - Simpson,0.18,Low,0.00,,55.81,AUSTRALIAN CO-OP FOODS LTD,VIC,Simpson,LAVERS HILL RD,3266,1131,Milk and Cream Processing,Cheese Manufacturing,65010308068.00,10308068.00,http://www.dairyfarmers.com.au,2008/2009,http://www.npi.gov.au/npidata/action/load/individual-facility-detail/criteria/state/VIC/year/2009/jurisdiction-facility/00004533
Australian Centre for Disease Preparedness,0.18,Low,0.00,,64.52,CSIRO,VIC,Geelong East,5 PORTALRINGTON RD,3219,6910,Scientific Research Services,"Scientific and industrial research facility specialising in livestock industry research, facility maintenance and office administration.",41687119230.00,,http://www.csiro.au,2023/2024,http://www.npi.gov.au/npidata/action/load/individual-facility-detail/criteria/state/VIC/year/2024/jurisdiction-facility/00022788
Laverton North,0.18,Low,0.00,,57.89,VISY INDUSTRIES AUSTRALIA PTY LTD,VIC,Laverton North,46-52 DOHERTYS RD,3026,2922,Waste Remediation and Materials Recovery Services,Reprocessing of glass,74004337615.00,4337615.00,,2023/2024,http://www.npi.gov.au/npidata/action/load/individual-facility-detail/criteria/state/VIC/year/2024/jurisdiction-facility/00030904
Boronia,0.18,Low,0.00,,55.56,GLAXOSMITHKLINE AUSTRALIA PTY LTD,VIC,Boronia,1061 MOUNTAIN HWY,3155,1841,Human Pharmaceutical and Medicinal Product Manufacturing,Manufacturing pharmaceuticals,47100162481.00,100162481.00,http://www.gsk.com.au,2022/2023,http://www.npi.gov.au/npidata/action/load/individual-facility-detail/criteria/state/VIC/year/2023/jurisdiction-facility/00004854
BENDIGO,0.18,Low,0.00,,50.00,LACTALIS AUSTRALIA PTY LTD,VIC,Bendigo,93 BANNISTER ST,3550,1131,Milk and Cream Processing,Processing and packaging of dairy and Soy products,56072928879.00,72928879.00,http://www.parmalat.com.au/,2023/2024,http://www.npi.gov.au/npidata/action/load/individual-facility-detail/criteria/state/VIC/year/2024/jurisdiction-facility/00006840
Mulgrave Site,0.18,Low,0.00,,54.55,HOSPIRA AUSTRALIA PTY LTD,VIC,Mulgrave,1-39 LEXIA PL,3170,1841,Human Pharmaceutical and Medicinal Product Manufacturing,Sterile pharmaceutical product manufacture and distribution,58097064330.00,97064330.00,http://www.hospira.com,2023/2024,http://www.npi.gov.au/npidata/action/load/individual-facility-detail/criteria/state/VIC/year/2024/jurisdiction-facility/00006781
Kenworth Trucks,0.18,Low,0.00,,57.14,PACCAR AUSTRALIA PTY LTD,VIC,Bayswater North,20-64 CANTERBURY RD,3153,2311,Motor Vehicle Manufacturing,"Assembly of trucks, minor fabrication of parts",43004669667.00,4669667.00,http://www.kenworth.com.au,2023/2024,http://www.npi.gov.au/npidata/action/load/individual-facility-detail/criteria/state/VIC/year/2024/jurisdiction-facility/00004140
Siltech PMR,0.18,Low,0.00,,54.55,MACH SIX PTY LTD,VIC,Campbellfield,7/220 BARRY RD,3061,2921,Waste Treatment and Disposal Services,Silver bullion manufacturin,39157714684.00,157714684.00,http://www.siltech.com.au,2023/2024,http://www.npi.gov.au/npidata/action/load/individual-facility-detail/criteria/state/VIC/year/2024/jurisdiction-facility/00030630
Top Cut Foods - Gilbertson Laverton,0.18,Low,0.00,,62.50,SIMPLOT AUSTRALIA (PROPERTIES) PTY LIMITED,VIC,Laverton,20 GILBERTSON RD,3028,1111,Meat Processing,Meat processing,68070579485.00,70579485.00,http://www.simplot.com.au,2015/2016,http://www.npi.gov.au/npidata/action/load/individual-facility-detail/criteria/state/VIC/year/2016/jurisdiction-facility/00030633
Sun Pharma Controlled Substances Division,0.18,Low,0.00,,54.55,SUN PHARMACEUTICAL INDUSTRIES (AUSTRALIA) PTY LTD,VIC,Port Fairy,199 PRINCES HWY,3284,1841,Human Pharmaceutical and Medicinal Product Manufacturing,Extraction of bulk narcotic pharmaceuticals from poppies. Synthesis of narcotic derivatives.,64130119603.00,130119603.00,,2023/2024,http://www.npi.gov.au/npidata/action/load/individual-facility-detail/criteria/state/VIC/year/2024/jurisdiction-facility/00004374
SILTECH PTY LTD,0.18,Low,0.00,,53.33,QUANTUM TECHNICAL SERVICES PTY LTD,VIC,Keon Park,6 DUNSTANS CT,3073,2921,Waste Treatment and Disposal Services,Photographic chemical processing and silver refining,23004284315.00,4284315.00,http://www.siltech.com.au,2012/2013,http://www.npi.gov.au/npidata/action/load/individual-facility-detail/criteria/state/VIC/year/2013/jurisdiction-facility/00004280
UNIDRIVE P/L,0.18,Low,0.00,,57.14,UNIDRIVE P/L,VIC,Clayton,45-49 MCNAUGHTON RD,3168,2299,Other Fabricated Metal Product Manufacturing n.e.c.,"Forging, machining and assembly of automotive components",86000109820.00,109820.00,http://www.unidrive.com,2009/2010,http://www.npi.gov.au/npidata/action/load/individual-facility-detail/criteria/state/VIC/year/2010/jurisdiction-facility/00016654
GUILDTOWN PTY LTD,0.18,Low,2.20,guildtown,100.00,GUILDTOWN PTY LTD,VIC,Traralgon,38 EASTERN RD,3844,1499,Other Wood Product Manufacturing n.e.c.,Manufacturer of treated pine posts and sawn timber,15007264280.00,7264280.00,http://www.jelfor.com.au,2022/2023,http://www.npi.gov.au/npidata/action/load/individual-facility-detail/criteria/state/VIC/year/2023/jurisdiction-facility/00021344
CRAIGIEBURN,0.17,Low,0.00,,47.37,NOTE PRINTING AUSTRALIA LIMITED,VIC,Craigieburn,1-9 POTTER ST,3064,1611,Printing,"Manufacturing banknotes, passports and other security documents",86082630671.00,82630671.00,http://www.noteprinting.com,2023/2024,http://www.npi.gov.au/npidata/action/load/individual-facility-detail/criteria/state/VIC/year/2024/jurisdiction-facility/00006120
WINCHESTER AUST LTD,0.17,Low,2.20,winchester aust,100.00,WINCHESTER AUST LTD,VIC,Point Henry,65 HAYS RD,3221,2299,Other Fabricated Metal Product Manufacturing n.e.c.,Ammunition manufacturing,50004645318.00,4645318.00,,2018/2019,http://www.npi.gov.au/npidata/action/load/individual-facility-detail/criteria/state/VIC/year/2019/jurisdiction-facility/00020305
STEELE & LINCOLN FOUNDRY (VIC) P/L,0.16,Low,2.20,allen foundry,70.00,STEELE & LINCOLN FOUNDRY (VIC) P/L,VIC,Dandenong,318 HAMMOND RD,3175,2110,Iron Smelting and Steel Manufacturing,Steel and iron casting,85005086984.00,5086984.00,http://www.steelinc.com.au,2000/2001,http://www.npi.gov.au/npidata/action/load/individual-facility-detail/criteria/state/VIC/year/2001/jurisdiction-facility/00006761
BILLMAN'S FOUNDRY PTY LTD,0.16,Low,2.20,billman s foundry,100.00,BILLMAN'S FOUNDRY PTY LTD,VIC,Castlemaine,7 LANGSLOW ST,3450,2121,Iron and Steel Casting,Ferrous and non-ferrous foundry,67006847865.00,6847865.00,http://www.billmansfoundry.com.au,2023/2024,http://www.npi.gov.au/npidata/action/load/individual-facility-detail/criteria/state/VIC/year/2024/jurisdiction-facility/00006759
Sunshine,0.16,Low,1.48,sunshine coast regional council,100.00,ALLEN FOUNDRY COMPANY PTY LTD,VIC,Sunshine,3 HULETT ST,3020,2110,Iron Smelting and Steel Manufacturing,Manufacture of iron and steel castings,61004231814.00,4231814.00,http://www.allenfoundry.com.au,2021/2022,http://www.npi.gov.au/npidata/action/load/individual-facility-detail/criteria/state/VIC/year/2022/jurisdiction-facility/00006629
OneSteel Martin Bright,0.16,Low,2.20,onesteel nsw,80.00,ONESTEEL MBS P/L,VIC,Somerton,CLIFFORDS RD,3062,2221,Structural Steel Fabricating,"Production of semi finished drawn rods, bars, and shapes in a variety of steel grades. Chrome plating.",76096273979.00,96273979.00,http://www.onesteel.com,2007/2008,http://www.npi.gov.au/npidata/action/load/individual-facility-detail/criteria/state/VIC/year/2008/jurisdiction-facility/00022816
NovaPower Traralgon,0.16,Low,0.00,,57.89,PACIFIC ENERGY (PEAKING POWER) PTY LTD,VIC,Traralgon East,79 EASTERN RD,3844,2611,Fossil Fuel Electricity Generation,Electricity generation,44119925334.00,119925334.00,,2023/2024,http://www.npi.gov.au/npidata/action/load/individual-facility-detail/criteria/state/VIC/year/2024/jurisdiction-facility/00030651
J Furphy & Sons Pty Ltd,0.14,Low,1.60,j furphy and sons proprietary,100.00,J FURPHY & SONS PROPRIETARY LIMITED,VIC,Shepparton,106 NEW DOOKIE RD,3630,2221,Structural Steel Fabricating,Metal product manufacturing and coating/ galvanizing,21004156763.00,4156763.00,http://www.furphys.com.au,2023/2024,http://www.npi.gov.au/npidata/action/load/individual-facility-detail/criteria/state/VIC/year/2024/jurisdiction-facility/00007095
BENDIGO BRICK P/L,0.12,Low,0.00,,59.46,BENDIGO BRICK P/L,VIC,Bendigo,JEWELL CT,3550,2021,Clay Brick Manufacturing,Manufacture of clay bricks and pavers,58006177064.00,6177064.00,http://www.bendigobrick.com.au,2006/2007,http://www.npi.gov.au/npidata/action/load/individual-facility-detail/criteria/state/VIC/year/2007/jurisdiction-facility/00004124
Geelong Distribution Centre,0.11,Low,0.00,,57.69,AMEROPA AUSTRALIA PTY LTD,VIC,Corio,55 HEALES RD,3214,1831,Fertiliser Manufacturing,"Fertiliser import, blending and distribution.",21009504394.00,9504394.00,http://www.impactfertilisers.com.au/,2023/2024,http://www.npi.gov.au/npidata/action/load/individual-facility-detail/criteria/state/VIC/year/2024/jurisdiction-facility/00023844
Geelong Distribution Centre,0.11,Low,0.00,,57.69,HI-FERT P/L,VIC,Lara,OLD MELBOURNE RD,3212,1831,Fertiliser Manufacturing,"Fertiliser import, blending and distribution. Some additional coating of fertiliser with trace elements.",76008038962.00,8038962.00,http://www.hifert.com.au,2009/2010,http://www.npi.gov.au/npidata/action/load/individual-facility-detail/criteria/state/VIC/year/2010/jurisdiction-facility/00023843
GAINSBOROUGH HARDWARE INDUSTRIES LIMITED,0.11,Low,1.12,gainsborough hardware industries,100.00,GAINSBOROUGH HARDWARE INDUSTRIES LIMITED,VIC,Blackburn,190  WHITEHORSE RD,3130,2299,Other Fabricated Metal Product Manufacturing n.e.c.,"Manufacture of door furniture including diecast, electroplating and assembly",25004792269.00,4792269.00,http://www.gainsboroughhardware.com.au,2011/2012,http://www.npi.gov.au/npidata/action/load/individual-facility-detail/criteria/state/VIC/year/2012/jurisdiction-facility/00022845
Minerva Gas Projects No. 3 and 4,0.11,Low,0.00,,53.85,BHP BILLITON PETROLEUM P/L,VIC,Port Campbell,OFFSHORE MINERVA GAS FIELD; 10KM SOUTH OF,3269,700,Oil and Gas Extraction,Drilling and production testing of the Minerva 3 and 4 offshore wells using a semi-submersible SEDCO 702 Mobile Offshore Drilling Unit,97006918832.00,6918832.00,,2002/2003,http://www.npi.gov.au/npidata/action/load/individual-facility-detail/criteria/state/VIC/year/2003/jurisdiction-facility/00022770
Boral Quarry Sandy Creek,0.10,Low,0.00,,63.41,DAVEGALE PTY LTD,VIC,Little River,390 SANDY CREEK RD,3211,911,Gravel and Sand Quarrying,Sand and Gravel Extraction and Processing (washing) Plant,16096359527.00,96359527.00,http://www.boral.com.au,2023/2024,http://www.npi.gov.au/npidata/action/load/individual-facility-detail/criteria/state/VIC/year/2024/jurisdiction-facility/00030895
Riversdale Mill,0.10,Low,0.00,,55.56,E.P. ROBINSON PTY. LIMITED,VIC,Newtown,13 BRIDGE ST,3220,1311,Wool Scouring,Wool Scouring and Carbonising,44004942572.00,4942572.00,,2023/2024,http://www.npi.gov.au/npidata/action/load/individual-facility-detail/criteria/state/VIC/year/2024/jurisdiction-facility/00017682
"AUST GOLD ALLIANCE P/L,GOLD CORP&JOHNSON",0.10,Low,1.12,ers aust p l,80.00,"AUST GOLD ALLIANCE P/L,GOLD CORP&JOHNSON",VIC,Thomastown,339 SETTLEMENT RD,3074,2139,Other Basic Non-Ferrous Metal Manufacturing,Manufacture of precious metal products,33824096614.00,,http://www.agrmatthey.com.au,2008/2009,http://www.npi.gov.au/npidata/action/load/individual-facility-detail/criteria/state/VIC/year/2009/jurisdiction-facility/00004155
Lang Lang,0.09,Low,0.00,,54.55,METRO QUARRY GROUP PTY LTD,VIC,Lang Lang,375 MCDONALDS TRACK,3984,911,Gravel and Sand Quarrying,"Sand quarrying, washing or screening",64159795703.00,159795703.00,,2022/2023,http://www.npi.gov.au/npidata/action/load/individual-facility-detail/criteria/state/VIC/year/2023/jurisdiction-facility/00030679
Dairy Farmers Shepparton,0.09,Low,0.00,,56.52,MIDLAND MILK P/L,VIC,Shepparton,123 VAUGHAN ST,3630,1131,Milk and Cream Processing,Milk processing,75004317364.00,4317364.00,,2005/2006,http://www.npi.gov.au/npidata/action/load/individual-facility-detail/criteria/state/VIC/year/2006/jurisdiction-facility/00009134
Fisher's Timber Preservation,0.04,Low,0.00,,63.16,FISHERS (LATROBE VALLEY) PROPRIETARY LIMITED,VIC,Morwell,30 SWAN RD,3840,1413,Timber Resawing and Dressing,Pallet manufacturing and tru-core water based timber treatment,68005586694.00,5586694.00,http://www.losp.com.au,2013/2014,http://www.npi.gov.au/npidata/action/load/individual-facility-detail/criteria/state/VIC/year/2014/jurisdiction-facility/00021342
Allegion Door and Access Systems - Brooklyn,0.04,Low,0.00,,61.54,ALLEGION (AUSTRALIA) PTY LTD,VIC,Brooklyn,42 EXPORT DR ,3012,2299,Other Fabricated Metal Product Manufacturing n.e.c.,Manufacturer of Locks (Doors and Access Systems),49077898161.00,77898161.00,http://www.ausloc.com,2023/2024,http://www.npi.gov.au/npidata/action/load/individual-facility-detail/criteria/state/VIC/year/2024/jurisdiction-facility/00029295
Scoresby Plant,0.03,Low,0.00,,51.85,NUBRIK P/L,VIC,Scoresby,525 STUD RD,3179,2021,Clay Brick Manufacturing,Clay bricks and paver manufacturing,59004028559.00,4028559.00,,2007/2008,http://www.npi.gov.au/npidata/action/load/individual-facility-detail/criteria/state/VIC/year/2008/jurisdiction-facility/00004367
SDI LIMITED,0.02,Low,0.00,,50.00,SDI LIMITED,VIC,Bayswater,3-15 BRUNSDON ST,3153,1841,Human Pharmaceutical and Medicinal Product Manufacturing,Manufacturing of medical devices - dental restoratives,27008075581.00,8075581.00,http://www.sdi.com.au,2023/2024,http://www.npi.gov.au/npidata/action/load/individual-facility-detail/criteria/state/VIC/year/2024/jurisdiction-facility/00004262
