rank,registered_business_name,abn,anzsic_code,number_of_tenders,anzsic_score,tender_score,lead_score
1,ATCO POWER AUSTRALIA (KARRATHA) PTY LTD,15132830043,2611,3451,5,5.0,5.0
2,BIG COUNTRY (AUSTRALIA) PTY LTD,26066611863,0171,3443,5,5.0,5.0
3,BUMA AUSTRALIA PTY LTD,28649634579,0600,14312,5,5.0,5.0
4,CHEVRON AUSTRALIA PTY LTD,29086197757,0700,3677,5,5.0,5.0
5,EDL PROJECTS (AUSTRALIA) PTY LTD,37084776616,2611,3560,5,5.0,5.0
6,ENERGY BRIX AUSTRALIA CORPORATION PTY LTD,79074736833,2611,3782,5,5.0,5.0
7,ENI AUSTRALIA LIMITED,40009475389,0700,5260,5,5.0,5.0
8,ESSO AUSTRALIA PTY LTD,49000018566,0700,14317,5,5.0,5.0
9,FQM AUSTRALIA NICKEL PTY LTD,92135761465,0990,3494,5,5.0,5.0
10,GYPSUM RESOURCES AUSTRALIA PTY. LIMITED,65008021449,0990,1393,5,5.0,5.0
11,HEIDELBERG MATERIALS AUSTRALIA PTY LTD,90009679734,0911,3440,5,5.0,5.0
12,HEIDELBERG MATERIALS AUSTRALIA RESOURCE RECOVERY PTY LTD,59006299832,2921,3439,5,5.0,5.0
13,HESS EXPLORATION AUSTRALIA PTY LIMITED,37122238699,0700,1393,5,5.0,5.0
14,IBERDROLA AUSTRALIA SAGT PTY LIMITED,77635710360,2611,1395,5,5.0,5.0
15,IMERYS TALC AUSTRALIA PTY LTD,62095284469,0990,3439,5,5.0,5.0
16,JADESTONE ENERGY (AUSTRALIA) PTY LTD,48613671819,0700,3605,5,5.0,5.0
17,MACH ENERGY AUSTRALIA PTY LTD,34608495441,0600,3636,5,5.0,5.0
18,MOBIL EXPLORATION & PRODUCING AUSTRALIA PTY LTD,81004588827,0700,3439,5,5.0,5.0
19,NEXEN PETROLEUM AUSTRALIA PTY LIMITED,71086689616,0700,1393,5,5.0,5.0
20,NORTHERN OIL & GAS AUSTRALIA PTY LTD,25607646579,0700,3440,5,5.0,5.0
21,ORICA AUSTRALIA PTY LTD,99004117828,2922,14322,5,5.0,5.0
22,PEABODY ENERGY AUSTRALIA PCI (C&M MANAGEMENT) PTY LTD,65077890932,0600,3641,5,5.0,5.0
23,RATCH AUSTRALIA COLLINSVILLE PTY LTD,84058436847,2611,3439,5,5.0,5.0
24,RATCH-AUSTRALIA KEMERTON PTY LTD,69106619112,2611,3439,5,5.0,5.0
25,RATCH-AUSTRALIA TOWNSVILLE PTY LIMITED,65075001991,2611,1393,5,5.0,5.0
26,REMONDIS AUSTRALIA PTY LTD,95002429781,2921,3506,5,5.0,5.0
27,SHELL AUSTRALIA FLNG PTY LTD,32008551068,0700,3442,5,5.0,5.0
28,SUVO MINERALS AUSTRALIA PTY LTD,51004584141,0990,3439,5,5.0,5.0
29,VEOLIA ENVIRONMENTAL SERVICES (AUSTRALIA) PTY LTD,20051316584,2921,3885,5,5.0,5.0
30,VEOLIA WATER AUSTRALIA PTY LTD,99061161279,2811,3483,5,5.0,5.0
31,VERMILION OIL & GAS AUSTRALIA PTY LTD,29113023591,0700,3440,5,5.0,5.0
32,VISY INDUSTRIES AUSTRALIA PTY LTD,74004337615,2922,3628,5,5.0,5.0
33,FULTON HOGAN CONSTRUCTION PTY LTD,46010240758,0990,73,5,4.11,4.64
34,BCD TECHNOLOGIES,51010873855,2921,1113,5,4.01,4.6
35,EARTHPOWER TECHNOLOGIES SYDNEY PTY LTD,71085528427,2921,293,5,3.71,4.48
36,TRANSWASTE TECHNOLOGIES PTY LTD,88078935109,2921,279,5,3.7,4.48
37,CS ENERGY LTD,54078848745,2611,306,5,3.63,4.45
38,THE TRUSTEE FOR SHREEM TRUST,99289331050,0171,1122,5,3.49,4.4
39,TRUSTEE FOR THE KEMBAH TRUST,87459942467,0171,1122,5,3.49,4.4
40,CRISTAL PIGMENT AUSTRALIA LTD,50008683627,2921,209,5,3.38,4.35
41,LMS ENERGY PTY LTD,39059428474,2922,238,5,3.22,4.29
42,MAIN CONSTRUCTIONS PTY LTD,58129163873,0171,170,5,3.05,4.22
43,NATIONAL POWER AUSTRALIA INVESTMENTS LIMITED,51075257537,2611,130,5,3.04,4.22
44,QUARRY SOLUTIONS PTY LTD,13133700848,0990,466,5,2.49,4.0
45,SUEZ MEDICAL SOLUTIONS PTY LTD,54119885700,2921,506,5,2.5,4.0
46,UNIMIN AUSTRALIA LIMITED,20000971844,0990,105,5,2.44,3.98
47,ALCOA OF AUSTRALIA LIMITED,93004879298,2922,130,5,2.43,3.97
48,ANGLOGOLD ASHANTI AUSTRALIA LIMITED,42008737424,2811,97,5,2.43,3.97
49,OCEANIC COAL AUSTRALIA LIMITED,39003856782,0600,97,5,2.43,3.97
50,APA OPERATIONS PTY LTD,79123090933,2611,159,5,2.38,3.95
51,HV OPERATIONS PTY LTD,76606478399,0600,159,5,2.38,3.95
52,TEC OPERATIONS PTY LTD,46062135871,2611,159,5,2.38,3.95
53,ENVIROPACIFIC SERVICES PTY LIMITED,43111372064,2922,58,5,2.3,3.92
54,OIL INVESTMENTS PTY LTD,29007603349,0700,173,5,2.27,3.91
55,QUANTUM TECHNICAL SERVICES PTY LTD,23004284315,2921,337,5,2.27,3.91
56,SEPT PTY LTD,94008895672,2611,53,5,2.28,3.91
57,SUEZ WATER PTY LTD & VENTIA UTILITY SERVICES PTY LTD,87254654139,2811,321,5,2.27,3.91
58,THIESS SERVICES PTY LTD,69010725247,2921,301,5,2.28,3.91
59,BARRO GROUP PTY LIMITED,42005105724,0911,296,5,2.26,3.9
60,WOODSIDE ENERGY GLOBAL PTY LTD,97006918832,0700,152,5,2.25,3.9
61,BORAL RESOURCES PTY LTD,46009671809,0911,827,5,2.26,3.9
62,BRADBURY INDUSTRIAL SERVICES PTY LTD,80121279847,2922,301,5,2.26,3.9
63,CERES POULTRY GROUP PTY LTD,32657938728,0171,91,5,2.25,3.9
64,FLINDERS OPERATING SERVICES PTY LTD,36094130837,0600,289,5,2.26,3.9
65,MALABAR HOLDINGS PTY LTD,12884691637,0171,62,5,2.24,3.9
66,MERLIN HOLDINGS PTY LTD,44224164423,0171,52,5,2.24,3.9
67,METRO QUARRY GROUP PTY LTD,64159795703,0911,91,5,2.25,3.9
68,NRG GLADSTONE OPERATING SERVICES PTY LTD,90061519275,2611,291,5,2.26,3.9
69,OAKEY POWER HOLDINGS PTY LTD,56075260794,2611,48,5,2.24,3.9
70,RED MOUNTAIN INFRASTRUCTURE PTY LTD,89115080003,0600,48,5,2.26,3.9
71,SUNSET POWER INTERNATIONAL PTY LTD TRADING AS DELTA ELECTRICITY,75162696335,2611,499,5,2.26,3.9
72,SUSTAINABLE ENERGY INFRASTRUCTURE PTY LTD,50746683694,2611,65,5,2.26,3.9
73,THE TRUSTEE FOR CENTURY FAMILY TRUST,48540836425,0171,289,5,2.24,3.9
74,THE TRUSTEE FOR DRESS CIRCLE FARM UNIT TRUST,63821938039,0171,187,5,2.25,3.9
75,THE TRUSTEE FOR HITECH PRODUCTS MARKETING UNIT TRUST,87004469174,0171,195,5,2.25,3.9
76,THE TRUSTEE FOR J C FAMILY TRUST,74304151145,0171,308,5,2.24,3.9
77,THE TRUSTEE FOR PAUL WEBB FAMILY TRUST,32067665144,0171,287,5,2.24,3.9
78,THE TRUSTEE FOR THE BLOTT FAMILY TRUST,63483865963,0171,289,5,2.24,3.9
79,THE TRUSTEE FOR THE CARTER FAMILY TRUST,45876961432,0171,291,5,2.24,3.9
80,THE TRUSTEE FOR THE NITSCHKE FAMILY TRUST,20628640596,0171,293,5,2.24,3.9
81,VEOLIA WATER SERVICES (ANZ) PTY LTD,64069471334,2811,315,5,2.26,3.9
82,WORLEY POWER SERVICES PTY LTD,50112723181,2611,292,5,2.26,3.9
83,AQUA HOLDINGS ( QLD ) PTY LTD,94253886857,0171,49,5,2.23,3.89
84,DEPARTMENT OF INFRASTRUCTURE TRANSPORT REGIONAL DEVELOPMENT AND COMMUNICATIONS,37862725624,2611,49,5,2.22,3.89
85,DIRECT-SCREENS HOLDINGS PTY. LTD.,29007765371,0911,47,5,2.23,3.89
86,MAHIL PTY LTD,43207443739,0171,56,5,2.22,3.89
87,MYRTEZA HOLDINGS PTY LTD,23668475983,0171,45,5,2.23,3.89
88,REX EDMONDSON NOMINEES PTY LTD & THE TRUSTEE FOR THE REX EDMONDSON TRUST,32559751312,0171,78,5,2.23,3.89
89,ROLLESTON COAL HOLDINGS PTY LTD,69098156702,0600,45,5,2.23,3.89
90,SYNTECH HOLDINGS PTY LTD,21123782445,0600,48,5,2.23,3.89
91,TESLA CORPORATION MANAGEMENT PTY LTD,90135785394,2611,69,5,2.22,3.89
92,THE GRIFFIN COAL MINING COMPANY PTY LIMITED,16008667285,0600,61,5,2.23,3.89
93,THE TRUSTEE FOR JEFFREY P W FAMILY TRUST,81246996923,0171,173,5,2.23,3.89
94,THE TRUSTEE FOR M & J TRELOAR FAMILY TRUST,34678584179,0171,177,5,2.23,3.89
95,THE TRUSTEE FOR PROTEN BROILER TRUST,29490047563,0171,64,5,2.23,3.89
96,THE TRUSTEE FOR PROTEN HANWOOD AND LETHBRIDGE TRUST,77448559735,0171,65,5,2.23,3.89
97,THE TRUSTEE FOR STEVECHRIS FAMILY TRUST,16718263612,0171,172,5,2.23,3.89
98,THE TRUSTEE FOR THE BILLABONG TRUST,78360012214,0171,66,5,2.23,3.89
99,THE TRUSTEE FOR THE BRYMAG TRUST & THE TRUSTEE FOR THE RYMER FAMILY TRUST T/A CHICKENMATE FARMS,16594309986,0171,174,5,2.23,3.89
100,THE TRUSTEE FOR THE DINGLE FAMILY DISCRETIONARY TRUST,86174927714,0171,173,5,2.23,3.89
101,THE TRUSTEE FOR THE LA & JB CROOK FAMILY TRUST,70191005429,0171,175,5,2.23,3.89
102,WILLOWGOLD HOLDINGS PTY LTD,63059866867,0171,45,5,2.23,3.89
103,WIRRAWAY HOLDINGS PTY LTD,56009306021,0171,45,5,2.23,3.89
104,AAM POULTRY RATHDOWNEY PTY LTD,92671732380,0171,13,5,2.2,3.88
105,ABAROO PTY LTD,70008999255,0171,12,5,2.2,3.88
106,ACE WASTE PTY LTD,79010750839,2921,17,5,2.2,3.88
107,ADANI MINING PTY LTD,27145455205,0600,12,5,2.2,3.88
108,AGL GAS STORAGE PTY LTD,27009203463,0700,12,5,2.2,3.88
109,AGL LOY YANG PTY LTD,62077985758,2611,12,5,2.2,3.88
110,AGL MACQUARIE PTY LIMITED,18167859494,2611,27,5,2.21,3.88
111,AGL POWER GENERATION PTY LIMITED,45086586192,2611,10,5,2.2,3.88
112,AGL SA GENERATION PTY LIMITED,84081074204,2611,10,5,2.2,3.88
113,ALINTA ACP PTY LTD,89083692611,2611,16,5,2.2,3.88
114,ALINTA COGENERATION (PINJARRA) PTY LTD,12102893309,2611,12,5,2.2,3.88
115,ALINTA COGENERATION (WAGERUP) PTY LTD,62111280614,2611,12,5,2.2,3.88
116,ALINTA DEBO PTY LTD,66079246423,2611,16,5,2.2,3.88
117,ALLANS CREEK POULTRY FARM PTY LTD,56648171322,0171,12,5,2.2,3.88
118,ALLOP PTY LTD,96010511949,0171,26,5,2.2,3.88
119,ALPAIR PTY LTD,61181456731,0171,12,5,2.2,3.88
120,AMANIKA PTY LTD,30421283799,0171,72,5,2.21,3.88
121,AMAZING INVESTMENTS PTY LTD,24167894724,0171,86,5,2.2,3.88
122,AMAZING INVESTORS NOMINEES PTY. LTD.,80169847054,0171,14,5,2.2,3.88
123,ANGLO COAL (CAPCOAL MANAGEMENT) PTY LTD,73010037564,0600,31,5,2.21,3.88
124,ANGLO COAL (DARTBROOK MANAGEMENT) PTY LTD,62007377577,0600,31,5,2.21,3.88
125,ANGLO COAL (DAWSON MANAGEMENT) PTY LTD,15006746701,0600,31,5,2.21,3.88
126,ARMOUR ENERGY (SURAT BASIN) PTY LTD,61607504905,0700,32,5,2.2,3.88
127,BREMER PASTORAL COMPANY PTY LTD,44011044269,0171,16,5,2.2,3.88
128,ARROW (DAANDINE) PTY LTD,99114927481,0700,12,5,2.2,3.88
129,ARROW (TIPTON) PTY LTD,17114927507,0700,12,5,2.2,3.88
130,ARROW ENERGY PTY LTD,73078521936,0700,34,5,2.2,3.88
131,ASHTON COAL OPERATIONS PTY LIMITED,22078556500,0600,19,5,2.2,3.88
132,ASHTON MINE PTY LTD,32067599302,0990,12,5,2.2,3.88
133,AUNGOOSKA FARM PTY LTD,17146112496,0171,12,5,2.2,3.88
134,AURORA ENERGY (TAMAR VALLEY) PTY LTD,29123391613,2611,32,5,2.2,3.88
135,AUS-10 RHYOLITE PTY LTD,79002325144,0990,24,5,2.21,3.88
136,AUSTAR COAL MINE PTY LTD,67111910822,0600,12,5,2.2,3.88
137,MEPAU PERTH BASIN PTY LTD,74009204031,0700,12,5,2.2,3.88
138,BARTTER ENTERPRISES PTY LIMITED,22000451374,0171,21,5,2.2,3.88
139,BARTTER ENTERPRISES PTY LTD,95002759462,0171,42,5,2.2,3.88
140,BATCHFIRE RESOURCES PTY LTD,84607340189,0600,83,5,2.21,3.88
141,BAW BAW SHIRE COUNCIL,47274526683,2921,46,5,2.21,3.88
142,BAXTER BUSINESS PTY LTD,38099593594,2921,14,5,2.2,3.88
143,BAYRANGE PTY LTD,83003991866,0919,19,5,2.2,3.88
144,BAYVAL PTY LTD,52629135931,0990,12,5,2.2,3.88
145,BEMCOVE PTY LTD,91010843606,2922,12,5,2.2,3.88
146,BGC CONTRACTING PTY LTD,88008766407,0919,81,5,2.21,3.88
147,BHP BILLITON IRON ORE PTY LTD,46008700981,2611,12,5,2.2,3.88
148,BHP BILLITON PTY LTD,49004028077,0700,12,5,2.2,3.88
149,BHP COAL PTY LTD,83010595721,0600,12,5,2.2,3.88
150,BLOOMFIELD COLLIERIES PTY LTD,76000106972,0600,12,5,2.2,3.88
151,BLUE EAGLE RURAL PTY LTD,99096261415,0171,13,5,2.2,3.88
152,BLUEWATERS POWER 1 PTY LTD,93106034879,2611,15,5,2.2,3.88
153,BM ALLIANCE COAL OPERATIONS PTY LTD,67096412752,0600,25,5,2.2,3.88
154,BOGSIDE MINING INDUSTRIES PTY LTD,41114041879,0919,59,5,2.2,3.88
155,BORAL CONSTRUCTION MATERIALS GROUP LTD,15000028080,0911,11,5,2.2,3.88
156,BORAL RESOURCES (COUNTRY) PTY LTD,51000187002,0919,86,5,2.21,3.88
157,BORAL RESOURCES (NSW) PTY LTD,51000756507,0919,95,5,2.21,3.88
158,BOWEN PCI PTY LTD,16653260809,0600,12,5,2.2,3.88
159,BPL ADELAIDE PTY LIMITED,40108037798,0171,13,5,2.2,3.88
160,BRAEMER POWER PROJECT PTY LTD,54113386600,2611,15,5,2.2,3.88
161,BRIDGEPORT (COOPER BASIN) PTY LTD,32163123304,0700,12,5,2.2,3.88
162,BRIDGEPORT (EROMANGA) PTY LTD,82148013469,0700,12,5,2.2,3.88
163,BRIDGEPORT (SURAT BASIN) PTY LTD,81608515939,0700,12,5,2.2,3.88
164,BROADLEA COAL MANAGEMENT P/L FOR VALE AUSTRALIA (CQ) P/L & NEBO CENTRAL COAL P/L,13104885994,0600,26,5,2.21,3.88
165,BROMELTON QUARRY PTY LTD,97144558903,0911,12,5,2.2,3.88
166,BULGA COAL MANAGEMENT PTY LTD,48055534391,0600,31,5,2.21,3.88
167,BURTON COAL PTY LTD,96064159977,0600,12,5,2.2,3.88
168,BUTTAI GRAVEL PTY LTD,47003386570,0990,12,5,2.2,3.88
169,BYERWEN COAL PTY LTD,64133357632,0600,12,5,2.2,3.88
170,CABLE SANDS PTY LTD,49009137142,0990,14,5,2.2,3.88
171,CALLIDE POWER MANAGEMENT PTY LTD,90082468700,2611,34,5,2.21,3.88
172,CAPE FLATTERY SILICA MINES PTY LTD,66000586096,0990,12,5,2.2,3.88
173,READYMIX HOLDINGS PTY LIMITED,87099732297,0911,24,5,2.2,3.88
174,CENTENNIAL ANGUS PLACE PTY LTD,87101508945,0600,12,5,2.2,3.88
175,CENTENNIAL MANDALONG PTY LTD,74101508892,0600,12,5,2.2,3.88
176,CENTENNIAL MYUNA PTY LTD,95101508981,0600,12,5,2.2,3.88
177,CENTENNIAL NEWSTAN PTY LTD,68101508865,0600,12,5,2.2,3.88
178,CENTRAL PETROLEUM (NT) PTY LTD,95009718183,0700,15,5,2.2,3.88
179,CENTRAL PRE-MIX CONCRETE PTY LTD,62008070862,0919,13,5,2.2,3.88
180,CHRIAN ENTERPRISES PTY LTD,48562383651,0171,46,5,2.2,3.88
181,CLARENCE COLLIERY PTY LTD,19001680584,0600,12,5,2.2,3.88
182,STERICORP LIMITED,83060871249,2921,20,5,2.2,3.88
183,TRANSPACIFIC CLEANAWAY PTY LTD,79000164938,2921,19,5,2.2,3.88
184,TRANSPACIFIC WASTE MANAGEMENT PTY LTD,55120175635,2921,34,5,2.21,3.88
185,CLERMONT COAL OPERATIONS PTY LTD,54166342418,0600,25,5,2.2,3.88
186,COCHRANE FARMS PTY LTD,56164811527,0171,12,5,2.2,3.88
187,COMO GLASSHOUSE NO2 PTY LTD,47604272942,2611,12,5,2.2,3.88
188,CONSOLIDATED MINERALS PTY LIMITED,85000727926,0990,10,5,2.2,3.88
189,PACIFIC ENERGY PTY LTD,48081538258,2611,76,5,2.2,3.88
190,COOPER ENERGY (CH) PTY LTD,70615355023,0700,32,5,2.2,3.88
191,COSMO POWER PTY LTD,39078327394,2611,15,5,2.2,3.88
192,CRUSHING INDUSTRIES AUSTRALIA,71127449156,0919,17,5,2.2,3.88
193,CURRAGH QUEENSLAND MINING PTY LTD,55095450418,0600,12,5,2.2,3.88
194,DANIELS HEALTH NSW PTY LTD,53003716256,2921,27,5,2.2,3.88
195,DARWALLA MILLING CO. PTY LTD,64009698631,0171,12,5,2.2,3.88
196,DAVEGALE PTY LTD,16096359527,0911,12,5,2.2,3.88
197,DELTA MINING PTY LTD,74056692883,0600,14,5,2.2,3.88
198,DENDROBIUM COAL PTY LTD,85098744088,0600,12,5,2.2,3.88
199,DENISON GAS (QUEENSLAND) PTY LTD,12616105643,0700,12,5,2.2,3.88
200,DEPARTMENT FOR ENERGY AND MINING,83768683934,2922,12,5,2.21,3.88
201,DIAMANTINA POWER STATION PTY LTD,55149762176,2611,17,5,2.2,3.88
202,DONALDSON COAL PTY LTD,87073088945,0600,14,5,2.2,3.88
203,DRAKE MINE MANAGEMENT PTY LTD,30612261453,0600,31,5,2.21,3.88
204,DUNDOWRAN BLUE METAL QUARRIES PTY. LTD.,58010308479,0911,13,5,2.2,3.88
205,DURALIE COAL PTY LTD,81070318259,0600,12,5,2.2,3.88
206,EAGLE DOWNS COAL MANAGEMENT PTY LTD,78107199619,0600,31,5,2.21,3.88
207,EARTH COMMODITIES GLADSTONE PTY LTD,60110230898,0990,14,5,2.2,3.88
208,EARTH COMMODITIES MACKAY PTY LTD,72121603736,0919,12,5,2.2,3.88
209,EARTH COMMODITIES ROCKHAMPTON PTY LTD,68121825232,0919,12,5,2.2,3.88
210,EAST COAST ELECTRICAL QLD PTY LTD,58077356284,0171,52,5,2.2,3.88
211,EASTERN CREEK OPERATIONS PTY LTD,87105104087,2922,25,5,2.2,3.88
212,EDL (TT) PTY LIMITED,95088169135,2611,12,5,2.2,3.88
213,EDL CSM (NSW) PTY LTD,66064847490,2611,23,5,2.2,3.88
214,EDL CSM (QLD) PTY LTD,48098224269,2611,15,5,2.2,3.88
215,EDL JABIRU PTY LTD,81062117819,2611,12,5,2.2,3.88
216,EDL NGD (QLD) PTY LTD,82076288812,2611,15,5,2.2,3.88
217,EDL NGD (WA) PTY LTD,35070941721,2611,12,5,2.2,3.88
218,EIT NEERABUP POWER PTY LTD & SHELL ENERGY NEERABUP PTY LTD,63218761290,2611,36,5,2.2,3.88
219,ENDEAVOUR COAL PTY LTD,38099830476,0600,18,5,2.2,3.88
220,ENERGYAUSTRALIA NSW PTY LTD,75163935635,2611,24,5,2.2,3.88
221,ENERGY GENERATION PTY LTD,82009017458,2611,33,5,2.2,3.88
222,ENERGYAUSTRALIA ECOGEN PTY LTD,86086589611,2611,13,5,2.2,3.88
223,ENERGYAUSTRALIA HALLETT PTY LTD,42120665643,2611,13,5,2.2,3.88
224,ENERGYAUSTRALIA TALLAWARRA PTY LTD,69081074142,2611,13,5,2.2,3.88
225,ENERGYAUSTRALIA YALLOURN PTY LTD,47065325224,2611,13,5,2.2,3.88
226,ENSHAM RESOURCES PTY LTD,23011048678,0600,83,5,2.21,3.88
227,ERGON ENERGY CORPORATION LIMITED,50087646062,2611,10,5,2.2,3.88
228,ESPERANCE POWER STATION PTY LTD,24086409949,2611,17,5,2.2,3.88
229,EXMOUTH POWER STATION PTY LTD,44102863909,2611,17,5,2.2,3.88
230,FAIRGLEN FARMS PTY LTD,15637689840,0171,12,5,2.2,3.88
231,FAT HEN PTY LTD,98301962401,0171,12,5,2.2,3.88
232,FITZROY COAL MANAGEMENT PTY LTD,15108803461,0600,31,5,2.21,3.88
233,FOXLEIGH MANAGEMENT PTY LTD,27089726492,0600,34,5,2.21,3.88
234,FRIEBERG ENTERPRISES PTY LTD,54083408511,0171,40,5,2.2,3.88
235,FULTON HOGAN INDUSTRIES PTY LTD,54000538689,0919,60,5,2.2,3.88
236,FULTON HOGAN QUARRIES PTY LTD,16004475076,0990,12,5,2.2,3.88
237,G & M SAUZIER PTY LTD,40057273873,0171,13,5,2.2,3.88
238,G AND KR INVESTMENTS PTY LTD,95107372145,0171,98,5,2.21,3.88
239,GOLDING CONTRACTORS PTY LTD,88009734794,0600,27,5,2.21,3.88
240,GRAHAMS QUARRY CEDAR POINT PTY LTD,74138644121,0990,12,5,2.2,3.88
241,GRAYMONT (CALLIOPE) PTY LTD,90000111884,0990,12,5,2.2,3.88
242,GRAYMONT (EXCELSIOR) PTY LTD,72000561311,0990,12,5,2.2,3.88
243,GREAT NORTHERN QLD PTY LTD,30091850298,0990,15,5,2.2,3.88
244,GREAT SOUTHERN ENERGY PTY LTD,40621409201,0600,32,5,2.2,3.88
245,HAIL CREEK COAL PTY LTD,59080002008,0600,12,5,2.2,3.88
246,HUNTER ENVIRO-MINING (OPERATIONS) PTY LIMITED,84096170633,0600,19,5,2.2,3.88
247,HUNTER VALLEY ENERGY COAL PTY LTD,39062894464,0600,32,5,2.2,3.88
248,HURD HAULAGE PTY LTD,61001738709,0990,23,5,2.2,3.88
249,HV COKING COAL PTY LTD,45605492804,0600,12,5,2.2,3.88
250,HY-TEC INDUSTRIES (NORTHERN TERRITORY) PTY LIMITED,11096310824,0990,14,5,2.2,3.88
251,HY-TEC INDUSTRIES (QUEENSLAND) PTY LTD,54102801061,0990,62,5,2.2,3.88
252,HY-TEC INDUSTRIES PTY LTD,90070100702,0919,62,5,2.2,3.88
253,ICHTHYS LNG PTY LTD,42150217299,0700,12,5,2.2,3.88
254,INGHAMS ENTERPRISES PTY. LIMITED,20008447345,0171,21,5,2.2,3.88
255,IPM OPERATION & MAINTENANCE KWINANA PTY LTD,95067541664,2611,401,5,2.2,3.88
256,JADESTONE ENERGY (EAGLE) PTY LTD,98627006679,0700,32,5,2.2,3.88
257,JAX COAL MINE PTY LTD,89133499500,0600,12,5,2.2,3.88
258,JEEBROPILLY COLLIERIES PTY LTD,88010319954,0600,12,5,2.2,3.88
259,JELLINBAH MINING PTY LTD,63052251000,0600,12,5,2.2,3.88
260,JONALA PTY LTD,68118081860,0171,15,5,2.2,3.88
261,KAJAX PTY LTD,79009792205,0171,14,5,2.2,3.88
262,KALIUM LAKES LIMITED PTY LTD,98613656643,0990,21,5,2.2,3.88
263,KELSO RURAL ENTERPRISES PTY LTD,89117886889,0171,37,5,2.2,3.88
264,KESTREL COAL PTY LIMITED,42079044689,0600,15,5,2.2,3.88
265,KINGSFORD FARMS PTY LTD,44577940353,0142,12,5,2.2,3.88
266,LANDFILL GAS & POWER PTY. LTD.,89053919430,2611,15,5,2.2,3.88
267,LANDFILL OPERATIONS PTY LTD,18603300358,2921,34,5,2.21,3.88
268,LATENT PETROLEUM PTY LTD,67121651072,0700,14,5,2.2,3.88
269,LIDDELL COAL OPERATIONS PTY LIMITED,40058857882,0600,19,5,2.2,3.88
270,LOCHARD ENERGY (IONA OPERATIONS) PTY LTD,67608441729,0700,45,5,2.2,3.88
271,LUMO GENERATION SA PTY LTD,87115291042,2611,13,5,2.2,3.88
272,M MINING PTY LTD,59646657963,0600,18,5,2.2,3.88
273,MACH SIX PTY LTD,39157714684,2921,12,5,2.2,3.88
274,MADDINGLEY BROWN COAL PTY LTD,27007397686,2921,12,5,2.2,3.88
275,MARBL LITHIUM OPERATIONS PTY LTD,52637077608,0990,25,5,2.2,3.88
276,MAULES CREEK COAL PTY LTD,70140533875,0600,12,5,2.2,3.88
277,MCG QUARRIES PTY LTD,96119739758,0911,20,5,2.2,3.88
278,MELBOURNE WATER CORPORATION,81945386953,2811,16,5,2.21,3.88
279,MERREDIN ENERGY PTY LTD,62124273025,2611,32,5,2.2,3.88
280,MIDDLEMOUNT COAL PTY LTD,49122348412,0600,12,5,2.2,3.88
281,MILLMERRAN OPERATING CO PTY LTD,68083536181,2611,12,5,2.2,3.88
282,MINARA RESOURCES PTY LIMITED,23060370783,0990,229,5,2.21,3.88
283,MON DESIR PTY LTD,68009187517,0171,12,5,2.2,3.88
284,MONARCH NOMINEES PTY LTD,40974001558,0171,14,5,2.2,3.88
285,MONTAUBAN PTY LTD,38010745310,0171,12,5,2.2,3.88
286,MOOLARBEN COAL OPERATIONS PTY LTD,59077939569,0600,25,5,2.2,3.88
287,MT MARROW BLUE METAL QUARRIES PTY LTD,64004879930,0911,13,5,2.2,3.88
288,NAMOI MINING PTY LTD,24071158373,0600,12,5,2.2,3.88
289,NARRABRI COAL OPERATIONS PTY LTD,76107813963,0600,25,5,2.2,3.88
290,NC COAL COMPANY PTY LIMITED,71079862936,0600,13,5,2.2,3.88
291,NEW ACLAND COAL PTY LTD,90081022380,0600,12,5,2.2,3.88
292,NEW LENTON COAL PTY LTD,48095390079,0600,12,5,2.2,3.88
293,NEW OAKLEIGH COAL PTY LTD,36055151196,0600,12,5,2.2,3.88
294,NEW WILKIE ENERGY PTY LTD,93007683454,0600,32,5,2.2,3.88
295,NEWCASTLE COAL PTY LTD,40074900208,0600,19,5,2.2,3.88
296,NEWGEN BRAEMAR 2 PTY LTD,80127501393,2611,13,5,2.2,3.88
297,NORTH GOONYELLA COAL MINES PTY LTD,20010912526,0600,13,5,2.2,3.88
298,NORTH GOONYELLA COAL PROPERTIES PTY. LTD.,50010879526,0600,14,5,2.2,3.88
299,NT POWER GENERATION PTY LTD,51061314921,2611,16,5,2.2,3.88
300,NUCRUSH PTY LTD,23010119981,0911,12,5,2.2,3.88
301,NUGROW IPSWICH PTY LTD,34124571875,2921,12,5,2.2,3.88
302,ONESTEEL MANUFACTURING PTY LIMITED,42004651325,0919,11,5,2.2,3.88
303,ONSLOW ELECTRIC POWER PTY LTD,73081106176,2611,17,5,2.2,3.88
304,ONSLOW SALT PTY LTD,26050159558,0990,12,5,2.2,3.88
305,ORIGIN ENERGY ERARING PTY LIMITED,31357688069,2611,10,5,2.2,3.88
306,ORIGIN ENERGY URANQUINTY POWER PTY LTD,26120384938,2611,39,5,2.2,3.88
307,ORION MINING PTY LTD,65136602054,0600,12,5,2.2,3.88
308,OSBORNE COGENERATION PTY LTD,89072027331,2611,12,5,2.2,3.88
309,P & E CRANE INVESTMENTS PTY LTD,99243577669,0171,85,5,2.2,3.88
310,P KYME & CO PTY LTD,41008918929,0171,12,5,2.2,3.88
311,PACIFIC ENERGY (PEAKING POWER) PTY LTD,44119925334,2611,71,5,2.2,3.88
312,PAVEWAYS PTY LTD,76009925026,0919,12,5,2.2,3.88
313,PEMBROKE RESOURCES NOMINEE PTY LTD,40169037236,0600,83,5,2.21,3.88
314,PILBARA IRON PTY LTD,75107216535,2611,13,5,2.2,3.88
315,PLAISIR PTY LTD,83339337251,0171,20,5,2.2,3.88
316,PNG ENTERPRISES P/L,80104473967,0171,11,5,2.2,3.88
317,PROTEN TAMWORTH PTY LTD,12109715513,0171,12,5,2.2,3.88
318,PTTEP AUSTRALASIA (ASHMORE CARTIER) PTY LTD,27004210164,0700,47,5,2.2,3.88
319,QCLNG OPERATING COMPANY PTY LTD,19138872385,0700,14,5,2.2,3.88
320,QUEENSLAND ENERGY RESOURCES (MANAGEMENT) PTY LIMITED,48072908966,0700,46,5,2.21,3.88
321,QLD RURAL INVESTMENTS PTY LTD ATF THE QRI TRUST,48383812784,0171,93,5,2.21,3.88
322,QPM ENERGY (MGP UPSTREAM) PTY LTD,79665473905,0700,32,5,2.2,3.88
323,QUARRIES OF QUEENSLAND PTY LTD,39161880002,0911,12,5,2.2,3.88
324,QUARRY PRODUCTS (NEWCASTLE) PTY LTD,63001657718,0990,25,5,2.2,3.88
325,QUARRY PRODUCTS PTY LTD,70009875227,0911,25,5,2.2,3.88
326,QUEENSLAND RECYCLING PTY LTD,33070222847,2922,12,5,2.2,3.88
327,RACCOONS PTY LTD,73050021157,0171,12,5,2.2,3.88
328,RANSBERG PTY LTD,32094536764,0919,12,5,2.2,3.88
329,RECYCLING INDUSTRIES PTY LTD,18067043994,2922,59,5,2.2,3.88
330,REDMOND PTY LTD,33067541780,0171,15,5,2.2,3.88
331,RIX'S CREEK PTY LIMITED,25003824244,0600,11,5,2.2,3.88
332,RLS ENTERPRISES (AUST) PTY LTD,60107698957,0171,47,5,2.2,3.88
333,ROCKY CREEK POULTRY PTY LTD,60771283272,0171,12,5,2.2,3.88
334,ROSS BROWN NOMINEES PTY LTD,32007790052,0171,14,5,2.2,3.88
335,SANTOS (BOL) PTY LTD,35000670575,0700,12,5,2.2,3.88
336,SANTOS LTD,80007550923,0700,10,5,2.2,3.88
337,SENEX ASSETS PTY LTD,48160649338,0700,12,5,2.2,3.88
338,SFB FARMS PTY LTD,27620575797,0171,21,5,2.21,3.88
339,SHARK BAY RESOURCES PTY LTD,88079088636,0990,83,5,2.21,3.88
340,SHOALHAVEN CITY COUNCIL,59855182344,2811,14,5,2.2,3.88
341,SHOALHAVEN COAL PTY LTD,91070863893,0600,12,5,2.2,3.88
342,SINGH SAMRA PTY LTD,58077869473,0171,12,5,2.2,3.88
343,SINGH'S ENTERPRISES PTY LTD,40010768948,0171,42,5,2.21,3.88
344,SIVAD PTY LTD,44146933083,0171,36,5,2.21,3.88
345,SMITHFIELD POWER GENERATION PTY LTDON PTY LTD,45616835682,2611,16,5,2.2,3.88
346,SOJITZ GREGORY MINING PTY LTD,31630511125,0600,12,5,2.2,3.88
347,SOJITZ MDS MINING PTY LTD,94610971027,0600,12,5,2.2,3.88
348,SOJITZ MINERVA MINING PTY LTD,35108510309,0600,12,5,2.2,3.88
349,SOUTH AUSTRALIAN WATER CORPORATION,69336525019,2811,25,5,2.21,3.88
350,SOUTHERN QUARRIES PTY. LTD.,26007726909,0911,12,5,2.2,3.88
351,SOUTHERN WASTE RESOURCECO PTY LTD,46151241093,2921,12,5,2.2,3.88
352,SPRINGVALE COAL PTY LTD,39052096769,0600,12,5,2.2,3.88
353,STANMORE IP COAL PTY LTD,79606244615,0600,12,5,2.2,3.88
354,STANMORE SMC PTY LTD,34009713875,0600,14,5,2.2,3.88
355,STAPYLTON RESOURCE RECOVERY PTY LTD,82611003724,2921,12,5,2.2,3.88
356,STOCKLEIGH POULTRY PTY LTD,53651704139,0171,12,5,2.2,3.88
357,STRATFORD COAL PTY LTD,26064016164,0600,12,5,2.2,3.88
358,STUART PETROLEUM COOPER BASIN GAS PTY LTD,20130588055,0700,14,5,2.2,3.88
359,VEOLIA RECYCLING & RECOVERY PTY LTD,70002902650,2921,23,5,2.2,3.88
360,SUMMIT KWINANA POWER PTY LTD & ERM KWINANA POWER PTY LTD,24808796430,2611,15,5,2.2,3.88
361,SUNSTATE SANDS BUNDABERG PTY LTD,96062194405,0990,12,5,2.2,3.88
362,SYDNEY WATER CORPORATION,49776225038,2811,12,5,2.2,3.88
363,TARRAWONGA COAL PTY LTD,73100742185,0600,12,5,2.2,3.88
364,TEC COAL PTY LTD,55119063900,0600,14,5,2.2,3.88
365,TEC DESERT PTY LTD,47084695661,2611,12,5,2.2,3.88
366,TEC HEDLAND PTY LTD,81169777404,2611,14,5,2.2,3.88
367,TERREQUIP ENVIRONMENTAL PTY LTD,26634030185,0990,24,5,2.2,3.88
368,TESLA GERALDTON PTY LTD,61146754289,2611,21,5,2.2,3.88
369,TESLA KEMERTON PTY LTD,80146754305,2611,12,5,2.2,3.88
370,TESLA NORTHAM PTY LTD,63146754298,2611,12,5,2.2,3.88
371,THE CORNWALL COAL COMPANY PTY LTD,48009485518,0600,22,5,2.2,3.88
372,THE EGG MERCHANT PTY LTD T/A MASONS FAMILY FARM,90394104941,0171,14,5,2.2,3.88
373,THE NEWCASTLE WALLSEND COAL COMPANY PTY LTD,85000245901,0600,22,5,2.2,3.88
374,TINAMBA POULTRY PTY LTD,93131582226,0171,12,5,2.2,3.88
375,TOWNSVILLE CITY COUNCIL,44741992072,2921,10,5,2.2,3.88
376,TRIANGLE ENERGY (OPERATIONS) PTY LTD,83083143382,0700,45,5,2.2,3.88
377,TRILITY MACARTHUR OPERATIONS PTY LTD,17057185421,2811,25,5,2.2,3.88
378,TRILITY PTY LTD,48053122562,2811,14,5,2.2,3.88
379,TRILITY WATER PTY LTD,94004012873,2922,35,5,2.2,3.88
380,TRONOX MANAGEMENT PTY LTD,59009343364,2611,31,5,2.21,3.88
381,TUROSI FARMING PTY LTD,43626773126,0171,16,5,2.2,3.88
382,UNITED COLLIERIES PTY LTD,67001990209,0600,13,5,2.2,3.88
383,VALLEY POWER PTY LTD,16083964470,2611,15,5,2.2,3.88
384,VEOLIA RECYCLING AND RECOVERY (PERTH) PTY LTD,94118828872,2922,15,5,2.2,3.88
385,VEOLIA RECYCLING AND RECOVERY (WELSHPOOL) PTY LTD,84051060890,2921,15,5,2.2,3.88
386,VICKERY COAL PTY LTD,74626224495,0600,12,5,2.2,3.88
387,VICTOR HARBOR QUARRIES PTY LTD,34609949466,0919,12,5,2.2,3.88
388,VITRINITE PTY LTD,46167744578,0600,12,5,2.2,3.88
389,WASTE MANAGEMENT PACIFIC (S.A.) PTY LIMITED,94097829644,2921,47,5,2.21,3.88
390,WEDGEWOOD NOMINEES PTY LTD,87758195127,0171,14,5,2.2,3.88
391,WERRIS CREEK COAL PTY LTD,69107169102,0600,12,5,2.2,3.88
392,WESTERN ENERGY PTY LTD,64102984252,2611,33,5,2.2,3.88
393,WESTSIDE CORPORATION PTY LIMITED,74117145516,0700,17,5,2.2,3.88
394,WILPINJONG COAL PTY LTD,87104594694,0600,12,5,2.2,3.88
395,WILTON COKING COAL PTY LTD,16147034277,0600,12,5,2.2,3.88
396,WISHBONE PTY LTD,79848848757,0171,113,5,2.2,3.88
397,WODONGA QUARRIES PTY LTD,26006795857,0911,12,5,2.2,3.88
398,WOHLFAHRT CHOOKS PTY LTD,59651247326,0171,12,5,2.2,3.88
399,WOHLFAHRT GRACELAND PTY LTD,28657398813,0171,12,5,2.2,3.88
400,WOLLONGONG RESOURCES PTY LTD,28111244896,0600,83,5,2.21,3.88
401,WONGAWILLI COAL PTY LTD,77111928762,0600,12,5,2.2,3.88
402,WOODLANDS ENTERPRISES PTY LTD,48009759746,0171,35,5,2.2,3.88
403,XSTRATA COAL PTY LTD,18051932122,0600,12,5,2.2,3.88
404,YAN YEAN WATER PTY LTD,16055222770,2811,35,5,2.2,3.88
405,YARRABEE COAL COMPANY PTY LTD,30010849402,0600,14,5,2.2,3.88
406,ADELAIDEAQUA PTY LIMITED,30135354513,2811,9,5,2.08,3.83
407,ARGYLE DIAMOND MINES PTY LIMITED,52008912418,0990,9,5,2.08,3.83
408,BAIADA POULTRY PTY LIMITED,96002925948,0171,9,5,2.08,3.83
409,BENGALLA MINING COMPANY PTY LIMITED,32053909470,0600,9,5,2.08,3.83
410,BOGGABRI COAL PTY LIMITED,77122087398,0600,9,5,2.08,3.83
411,BORAL RECYCLING PTY LIMITED,42000061843,0919,9,5,2.08,3.83
412,BORAL RESOURCES (VIC) PTY LIMITED,87004620731,0911,9,5,2.08,3.83
413,CENTENNIAL AIRLY PTY. LIMITED,84078693722,0600,9,5,2.08,3.83
414,CENTENNIAL MUNMORAH PTY LIMITED,91101508963,0600,9,5,2.08,3.83
415,CHARBON COAL PTY LIMITED,71064237118,0600,9,5,2.08,3.83
416,COAL & ALLIED (NSW) PTY LIMITED,44075612216,0600,9,5,2.08,3.83
417,EDL (OCI) PTY LIMITED,85113489295,2611,9,5,2.08,3.83
418,ENHANCE PLACE PTY LIMITED,31077105867,0600,9,5,2.08,3.83
419,ENVIROGUARD PTY LIMITED,23060919164,2921,9,5,2.08,3.83
420,GEOCYCLE SBF PTY LIMITED,85072838209,2921,9,5,2.08,3.83
421,GOLDFIELDS TURKEYS PTY LIMITED,37068105920,0171,9,5,2.08,3.83
422,IVANHOE COAL PTY LIMITED,79064237154,0600,9,5,2.08,3.83
423,METROMIX PTY LIMITED,39022886839,0990,9,5,2.08,3.83
424,MT OWEN PTY LIMITED,83003827361,0600,9,5,2.08,3.83
425,REDBANK PROJECT PTY LIMITED,34075222561,2611,9,5,2.08,3.83
426,RIVERLAND WATER PTY LIMITED,38073995963,2811,9,5,2.08,3.83
427,ROC OIL (VIC) PTY LIMITED,46107406771,0700,9,5,2.08,3.83
428,SYNERGEN POWER PTY LIMITED,66092560819,2611,9,5,2.08,3.83
429,TAHMOOR COAL PTY LIMITED,97076663968,0600,9,5,2.08,3.83
430,THIESS PTY LIMITED,87010221486,0600,9,5,2.08,3.83
431,WATER CORPORATION,28003434917,2811,9,5,2.08,3.83
432,WAMBO COAL PTY LIMITED,13000668057,0600,9,5,2.08,3.83
433,WHITEHAVEN COAL MINING PTY LIMITED,65086426253,0600,9,5,2.08,3.83
434,WONBINDI COAL PTY LIMITED,62114668941,0600,9,5,2.08,3.83
435,XSTRATA MANGOOLA PTY LIMITED,54127535755,0600,9,5,2.08,3.83
436,A2 MILK COMPANY (AUSTRALIA) PTY LTD,52125331213,1131,3445,3,5.0,3.8
437,VISY GLASS OPERATIONS (AUSTRALIA) PTY LTD,94004230326,2010,3457,3,5.0,3.8
438,AIR LIQUIDE AUSTRALIA PTY LTD,57004385782,1811,3453,3,5.0,3.8
439,AIRSTEP AUSTRALIA PTY LTD,24144967215,1920,3662,3,5.0,3.8
440,ALLEGION (AUSTRALIA) PTY LTD,49077898161,2299,3694,3,5.0,3.8
441,AMCOR FLEXIBLES (AUSTRALIA) PTY LTD,46113833748,1611,3439,3,5.0,3.8
442,AMEROPA AUSTRALIA PTY LTD,21009504394,1831,3623,3,5.0,3.8
443,ANZPAC SERVICES (AUSTRALIA) PTY LTD,25000032164,1611,3992,3,5.0,3.8
444,ASSA ABLOY AUSTRALIA PTY LIMITED,90086451907,2299,1398,3,5.0,3.8
445,BGC (AUSTRALIA) PTY LTD,62005736005,2034,14317,3,5.0,3.8
446,C3 AUSTRALIA PTY LTD,49145302629,1412,14324,3,5.0,3.8
447,CEMENT AUSTRALIA (KANDOS) PTY LIMITED,56004158972,2031,1393,3,5.0,3.8
448,TEYS AUSTRALIA MEAT GROUP PTY LTD,65065093709,1111,4113,3,5.0,3.8
449,CONTITECH AUSTRALIA PTY LTD,97000468780,1920,3654,3,5.0,3.8
450,DELTA EMD AUSTRALIA PTY LIMITED,49079546937,2139,1395,3,5.0,3.8
451,DINDAS AUSTRALIA PTY LTD,87005828900,1413,3722,3,5.0,3.8
452,DONGWHA AUSTRALIA PTY LTD,83104629058,1411,3462,3,5.0,3.8
453,DULUXGROUP (AUSTRALIA) PTY LTD,67000049427,1831,3454,3,5.0,3.8
454,ELECTRIC LAMP MANUFACTURERS (AUSTRALIA) PTY LTD,47000023790,2010,3440,3,5.0,3.8
455,FONTERRA AUSTRALIA PTY LTD,52006483665,1131,3538,3,5.0,3.8
456,GCP AUSTRALIA PTY LTD,41080660117,2034,14320,3,5.0,3.8
457,GLAXOSMITHKLINE AUSTRALIA PTY LTD,47100162481,1841,3439,3,5.0,3.8
458,HENSLEY INDUSTRIES AUSTRALIA PTY LTD,11007694895,2110,3622,3,5.0,3.8
459,HOSPIRA AUSTRALIA PTY LTD,58097064330,1841,3503,3,5.0,3.8
460,HUHTAMAKI AUSTRALIA PTY LIMITED,43003122843,1510,1393,3,5.0,3.8
461,INTEGRIA HEALTHCARE (AUSTRALIA) PTY LTD,70096496212,1841,3467,3,5.0,3.8
462,IVE GROUP AUSTRALIA PTY LTD,58000205210,1611,4223,3,5.0,3.8
463,JAMES HARDIE AUSTRALIA PTY LTD,12084635558,2031,3499,3,5.0,3.8
464,JBS AUSTRALIA PTY LIMITED,14011062338,1111,3196,3,5.0,3.8
465,KIMBERLY-CLARK AUSTRALIA PTY LTD,65000032333,1510,3439,3,5.0,3.8
466,LACTALIS AUSTRALIA PTY LTD,56072928879,1131,3494,3,5.0,3.8
467,MERCK SHARP AND DOHME (AUSTRALIA) PTY LTD,14000173508,1841,3447,3,5.0,3.8
468,MONDELEZ AUSTRALIA PTY LTD,78004551473,1131,3448,3,5.0,3.8
469,MORGANITE AUSTRALIA PTY LTD,82000037776,2029,3713,3,5.0,3.8
470,NATIONAL CERAMIC INDUSTRIES AUSTRALIA PTY LTD,83100467267,2029,3621,3,5.0,3.8
471,OPAL PACKAGING AUSTRALIA PTY LTD,77636682883,1521,3449,3,5.0,3.8
472,PACCAR AUSTRALIA PTY LTD,43004669667,2311,3962,3,5.0,3.8
473,PAPER AUSTRALIA PTY LTD,63061583533,1521,14311,3,5.0,3.8
474,SAPUTO DAIRY AUSTRALIA PTY LTD,52166135486,1131,3442,3,5.0,3.8
475,SCHUR STAR SYSTEMS AUSTRALIA PTY LTD,90615554437,1911,3900,3,5.0,3.8
476,SEALED AIR AUSTRALIA PTY LIMITED,65004207532,1911,1404,3,5.0,3.8
477,SIG COMBIBLOC AUSTRALIA PTY LTD,47095321592,1611,3439,3,5.0,3.8
478,SIMPLOT AUSTRALIA (PROPERTIES) PTY LIMITED,68070579485,1111,1393,3,5.0,3.8
479,SUN PHARMACEUTICAL INDUSTRIES (AUSTRALIA) PTY LTD,64130119603,1841,3617,3,5.0,3.8
480,TEKAI AUSTRALIA PTY LTD,48090645024,1411,14309,3,5.0,3.8
481,TEYS AUSTRALIA BEENLEIGH PTY LTD,97009672459,1111,3439,3,5.0,3.8
482,TEYS AUSTRALIA BILOELA PTY LTD,17009669265,1111,3439,3,5.0,3.8
483,TEYS AUSTRALIA NARACOORTE PTY LTD,80010807986,1111,3439,3,5.0,3.8
484,TEYS AUSTRALIA SOUTHERN PTY LTD,53084034695,1111,3439,3,5.0,3.8
485,THOMAS BORTHWICK & SONS (AUSTRALIA) PTY LTD,12006525104,1111,3439,3,5.0,3.8
486,TIMBERLINK AUSTRALIA PTY LTD,12161713015,1411,3515,3,5.0,3.8
487,VAN HESSEN AUSTRALIA PTY LTD,39006312616,1111,3443,3,5.0,3.8
488,VAN LEER (AUSTRALIA) PTY LTD,45008415478,2110,3654,3,5.0,3.8
489,VOLVO GROUP AUSTRALIA PTY LTD,27000761259,2311,4203,3,5.0,3.8
490,WOODWARD FOODS AUSTRALIA PTY LTD,93623470575,1111,3439,3,5.0,3.8
491,CENTRAL COAST COUNCIL,73149644003,2921,8,5,1.96,3.78
492,ELECTRICITY NETWORKS CORPORATION,18540492861,2611,8,5,1.96,3.78
493,ESSENTIAL ENERGY,37428185226,2811,8,5,1.96,3.78
494,REGIONAL POWER CORPORATION,57955011697,2611,8,5,1.96,3.78
495,CENTRAL GOLDFIELDS SHIRE COUNCIL,82120379784,2921,7,5,1.84,3.74
496,POWER AND WATER CORPORATION,15947352360,2611,7,5,1.85,3.74
497,A.J. BAXTER PROPRIETARY LIMITED,62004476519,2921,6,5,1.72,3.69
498,ALPINE SHIRE COUNCIL,14821390281,2921,6,5,1.72,3.69
499,E. B. MAWSON & SONS PROPRIETARY LIMITED,14004519617,0911,6,5,1.72,3.69
500,NORTH EAST REGION WATER CORPORATION,97364605415,2811,6,5,1.72,3.69
501,STANWELL CORPORATION LIMITED,37078848674,2611,6,5,1.72,3.69
502,THE WILLIAMS FAMILY TRUST AND THE VARNEY FAMILY TRUST AND CA FERGUSON,70336771636,0171,6,5,1.72,3.69
503,TRANSPORT CANBERRA AND CITY SERVICES DIRECTORATE,37307569373,2921,6,5,1.72,3.69
504,WANGARATTA RURAL CITY COUNCIL,67784981354,2921,6,5,1.72,3.69
505,WASTE ASSETS MANAGEMENT CORPORATION,56784733957,2921,6,5,1.72,3.69
506,ORIGIN ENERGY CSG LIMITED,68001646331,0700,5,5,1.6,3.64
507,CKI UTILITIES DEVELOPMENT LTD & HEI UTILITIES DEVELOPMENT LTD & 3 OTHS,13332330749,2611,5,5,1.61,3.64
508,ELECTRICITY GENERATION AND RETAIL CORPORATION,58673830106,2611,5,5,1.6,3.64
509,GOLD COAST CITY COUNCIL,84858548460,2921,5,5,1.6,3.64
510,GRAMPIANS WIMMERA MALLEE WATER CORPORATION,35584588263,2811,5,5,1.6,3.64
511,HAZELDENE'S CHICKEN FARM PROPRIETARY LIMITED,72004381346,0171,5,5,1.6,3.64
512,HUNTER WATER CORPORATION,46228513446,2811,5,5,1.6,3.64
513,LOWER MURRAY URBAN AND RURAL WATER CORPORATION,18475808826,2811,5,5,1.6,3.64
514,MOIRA SHIRE COUNCIL,20538141700,2921,5,5,1.6,3.64
515,ACTEW CORPORATION LTD,86069881960,2921,4,5,1.48,3.59
516,TRANSPACIFIC TECHNICAL SERVICES,40010745383,2921,4,5,1.48,3.59
517,K AND M HOLDINGS,13105950632,0171,4,5,1.48,3.59
518,LISMORE CITY COUNCIL,60080932837,0911,4,5,1.48,3.59
519,ORANGE CITY COUNCIL,85985402386,2811,4,5,1.48,3.59
520,POWER RENTAL OP CO AUSTRALIA LLC,85457881818,2611,4,5,1.48,3.59
521,RAIL CORPORATION NEW SOUTH WALES,59325778353,0990,4,5,1.48,3.59
522,SUNSHINE COAST REGIONAL COUNCIL,37876973913,2921,4,5,1.48,3.59
523,WANNON REGION WATER CORPORATION,94007404851,2811,4,5,1.48,3.59
524,WASTE MANAGEMENT (WA),12740143260,2921,4,5,1.48,3.59
525,WASTE RECYCLING AND PROCESSING CORPORATION,93524709106,2921,4,5,1.48,3.59
526,CAIRNS REGIONAL COUNCIL,24310025910,2921,3,5,1.36,3.54
527,M.A ANDERSON & R.W ANDERSON & A RAITER RAITER,25058168230,0171,3,5,1.36,3.54
528,SHIRE OF ESPERANCE,60034434085,2921,3,5,1.36,3.54
529,SOUTHERN GRAMPIANS SHIRE COUNCIL,55135536448,2921,3,5,1.36,3.54
530,"WHITE, NOEL J & PATRICIA F",61225381562,0171,3,5,1.36,3.54
531,WYNDHAM CITY COUNCIL,38393903860,2921,3,5,1.36,3.54
532,ICON WATER LIMITED,86069381960,2811,2,5,1.24,3.5
533,ALBURY CITY COUNCIL,92965474349,2811,2,5,1.24,3.5
534,CITY OF ROCKINGHAM,63101842180,2921,2,5,1.24,3.5
535,FORTESCUE LTD,57002594872,2611,2,5,1.24,3.5
536,G. & J. COOK,96895813941,0171,2,5,1.24,3.5
537,HAWKESBURY CITY COUNCIL,54659038834,2921,2,5,1.24,3.5
538,HUME CITY COUNCIL,14854354856,2921,2,5,1.24,3.5
539,LOGAN CITY COUNCIL,21627796435,2921,2,5,1.24,3.5
540,ORIGIN ENERGY RESOURCES LTD,66007845338,0700,2,5,1.24,3.5
541,QUEENSLAND CORRECTIVE SERVICES,19823962345,0160,2,5,1.24,3.5
542,WAGGA WAGGA CITY COUNCIL,56044159537,2921,2,5,1.24,3.5
543,WATER NSW,21147934787,2811,2,5,1.24,3.5
544,WOODSIDE ENERGY LTD,63005482986,0700,2,5,1.25,3.5
545,AGL POWER GENERATION (MID WEST) P/L,81085449092,2611,1,5,1.12,3.45
546,ANGLO COAL (MORANBAH NORTH MNGT) P/L,14069603587,0600,1,5,1.12,3.45
547,BIS INDUSTRIES,13125202253,0919,1,5,1.12,3.45
548,CASEY CITY COUNCIL,43320295742,2921,1,5,1.12,3.45
549,CITY OF GREATER GERALDTON,55907677173,2921,1,5,1.12,3.45
550,ERS AUST P/L,88001576889,2921,1,5,1.12,3.45
551,FORBES SHIRE COUNCIL,86023614567,2921,1,5,1.12,3.45
552,HOBART CITY COUNCIL,39055343428,2921,1,5,1.12,3.45
553,I. HORROCKS,52484916171,0171,1,5,1.12,3.45
554,LIVINGSTONE SHIRE COUNCIL,95399253048,2921,1,5,1.12,3.45
555,MACKAY REGIONAL COUNCIL,56240712069,2921,1,5,1.12,3.45
556,MITCHELL SHIRE COUNCIL,27352592142,2921,1,5,1.12,3.45
557,ORIGIN ENERGY POWER LTD,93008289398,2611,1,5,1.12,3.45
558,ORIGIN ENERGY RETAIL LTD,22078868425,2611,1,5,1.12,3.45
559,OSZ P/L TRADING AS SJQ MYRTEZA FAMILY TRUST,91897019792,0171,1,5,1.12,3.45
560,PIONEER NORTH QUEENSLAND P/L,80068203734,0911,1,5,1.12,3.45
561,RESOURCE PACIFIC LIMITED,65106177708,0600,1,5,1.12,3.45
562,ROCKHAMPTON REGIONAL COUNCIL,59923523766,2921,1,5,1.12,3.45
563,SINGLETON SHIRE COUNCIL,52877492396,2911,1,5,1.12,3.45
564,SOUTHERN DOWNS REGIONAL COUNCIL,59786792651,2921,1,5,1.12,3.45
565,SURF COAST SHIRE COUNCIL,18078461409,2921,1,5,1.12,3.45
566,TERRITORY GENERATION,72687980755,2611,1,5,1.12,3.45
567,THE S R TREEBY FAMILY TRUST,55367276946,0171,1,5,1.12,3.45
568,TOOWOOMBA REGIONAL COUNCIL,99788305360,2811,1,5,1.12,3.45
569,WELLINGTON SHIRE COUNCIL,18420243468,2921,1,5,1.12,3.45
570,MINERAL TECHNOLOGIES PTY LTD,52105309260,2462,288,3,3.7,3.28
571,AGRIPOWER AUSTRALIA LTD,23132823226,1831,209,3,3.38,3.15
572,BASF AUSTRALIA LTD,62008437867,1841,215,3,3.38,3.15
573,IVECO TRUCKS AUSTRALIA LTD,86004065061,2311,209,3,3.38,3.15
574,NESTLE AUSTRALIA LTD,77000011316,1131,209,3,3.38,3.15
575,WEIR MINERALS AUSTRALIA LTD,69009701802,2121,376,3,3.38,3.15
576,DOAC PTY LTD,45098700040,1411,122,3,2.89,2.96
577,FRCPA PTY LTD,64605089941,2034,27,3,2.55,2.82
578,MIDFIELD PROTEIN SOLUTIONS PTY LTD,76619284883,1111,462,3,2.49,2.8
579,TOYOTA MOTOR CORPORATION AUSTRALIA LIMITED,64009686097,2311,155,3,2.45,2.78
580,FORD MOTOR COMPANY OF AUSTRALIA LIMITED,30004116223,2311,99,3,2.43,2.77
581,H.J. HEINZ COMPANY AUSTRALIA LIMITED,87004200319,1111,99,3,2.43,2.77
582,NORSKE SKOG PAPER MILLS (AUSTRALIA) LIMITED,84009477132,1510,97,3,2.43,2.77
583,NOTE PRINTING AUSTRALIA LIMITED,86082630671,1611,98,3,2.43,2.77
584,AUSTRALIAN MEAT GROUP PTY LTD,75168396316,1111,307,3,2.37,2.75
585,CA GROUP AUSTRALASIA PTY LTD,83005084097,2110,330,3,2.37,2.75
586,CSIRO,41687119230,6910,412,3,2.38,2.75
587,GLNG OPERATIONS PTY LTD,66132321192,1811,159,3,2.38,2.75
588,IMSEP PTY LTD,42008656488,1611,30,3,2.27,2.71
589,MAYNE PHARMA INTERNATIONAL PTY LTD,88007870984,1841,487,3,2.28,2.71
590,THE TRUSTEE FOR FLETCHER UNIT TRUST,50878814356,1111,493,3,2.28,2.71
591,FLETCHER INTERNATIONAL EXPORTS PTY LTD,64003213652,1111,483,3,2.26,2.7
592,HARVEY INDUSTRIES GROUP PTY LTD,64117597985,1111,138,3,2.25,2.7
593,LABELMAKERS GROUP PTY LTD,41114717814,1911,94,3,2.25,2.7
594,MCNEIL MANUFACTURING PTY LTD,50008422348,1841,51,3,2.25,2.7
595,MORGAN CEMENT INTERNATIONAL PTY LTD,29075095822,2031,483,3,2.26,2.7
596,OZTEK HOLDINGS PTY LTD,83080871343,1111,50,3,2.24,2.7
597,PENTARCH LOGISTICS PTY LTD,99075432254,1499,111,3,2.24,2.7
598,THE TRUSTEE FOR BERNARDI FAMILY TRUST,60733746478,2021,288,3,2.24,2.7
599,THE TRUSTEE FOR V&V UNIT TRUST AND VERNON WALSH PTY LTD,66258009281,1111,211,3,2.25,2.7
600,AKD NSW PTY LIMITED,38091574060,1411,30,3,2.23,2.69
601,AKD QUEENSLAND PTY LTD,18620713760,1411,72,3,2.23,2.69
602,ALRECO PTY LTD,56132731018,2139,209,3,2.23,2.69
603,BRIDGEWEST PERTH PHARMA PTY LTD,21663385411,1841,16,3,2.22,2.69
604,DERBY INDUSTRIES PTY LTD,86009033612,1111,391,3,2.22,2.69
605,FERRO CORPORATION (AUST) PTY LTD,61000033189,2010,117,3,2.22,2.69
606,NUBRIK PTY LTD,59004028559,2021,150,3,2.22,2.69
607,QENOS PTY LTD,62054196771,1821,24,3,2.22,2.69
608,THE TRUSTEE FOR GERALDTON MEAT EXPORTS TRUST,33404686686,1111,64,3,2.23,2.69
609,THE TRUSTEE FOR SOUTH EAST PINE SALES TRUST,69390152527,1411,64,3,2.23,2.69
610,THE TRUSTEE FOR THE ED MORGAN FAMILY TRUST & THE TRUSTEE FOR THE LUKE MORGAN FAMILY TRUST,95597417453,1413,172,3,2.23,2.69
611,WOODBRAE HOLDINGS PTY LTD,25991891059,1111,46,3,2.23,2.69
612,A.J. BUSH & SONS (MANUFACTURES) PTY LTD,94000058453,1111,12,3,2.2,2.68
613,A.J. BUSH & SONS (YANCO) PTY LTD,43000420299,1111,12,3,2.2,2.68
614,ABBOTT AUSTRALASIA PTY LTD,95000180389,1841,81,3,2.2,2.68
615,ACM PROCESSING PTY LTD,34622519322,1131,16,3,2.2,2.68
616,AIW PRINTING PTY LTD,35093344328,1611,46,3,2.2,2.68
617,ALBEMARLE LITHIUM PTY LTD,14618095471,2139,12,3,2.2,2.68
618,ALDUS-TRONICS PTY LTD,38085318494,1611,15,3,2.2,2.68
619,ALINDARE PTY. LTD.,62062233569,1111,14,3,2.2,2.68
620,ALLEN FOUNDRY COMPANY PTY LTD,61004231814,2110,14,3,2.2,2.68
621,ALPHAPHARM PTY LTD,93002359739,1841,13,3,2.2,2.68
622,ANDREW KOHN PTY LTD,54004889605,1611,19,3,2.2,2.68
623,AUSTICKS PTY LTD,12064136429,1499,17,3,2.2,2.68
624,THE AUSTRAL BRICK CO PTY LTD,52000005550,2021,13,3,2.2,2.68
625,AUSTRAL BRICKS (VIC) PTY LTD,64125934867,2021,13,3,2.2,2.68
626,AUSTRAL BRICKS QLD PTY LTD,62125934858,2021,16,3,2.2,2.68
627,AUSTRAL PLYWOODS PTY LTD,19726524324,1493,12,3,2.2,2.68
628,AUSTRALIAN FOOD GROUP PTY LT,48367956877,1111,12,3,2.2,2.68
629,AUSTRALIAN LAMB (COLAC) PTY LTD,56087919944,1111,15,3,2.2,2.68
630,AUSTRALIAN PLASTICS EXTRUSIONS PTY LTD,83062931015,1611,17,3,2.2,2.68
631,AUSTRALIAN SOFTWOOD QLD PTY LTD,18652795090,1413,18,3,2.2,2.68
632,AUSTRALIAN TALLOW PRODUCERS PTY LTD,28007046059,1111,15,3,2.2,2.68
633,AUSTRALIAN TOPMAKING SERVICES LIMITED,76004284164,1311,12,3,2.2,2.68
634,AUSTRALIAS BOUTIQUE BRICKMAKER PTY LTD,51667901733,2021,12,3,2.2,2.68
635,NATIONAL FOODS PTY LIMITED,65004486631,1131,43,3,2.21,2.68
636,BHP BILLITON DIRECT REDUCED IRON PTY LTD,50058025960,2110,14,3,2.2,2.68
637,BHP NICKEL WEST PTY LTD,76004184598,2139,12,3,2.2,2.68
638,BILLMAN'S FOUNDRY PTY LTD,67006847865,2121,14,3,2.2,2.68
639,BIRD BROS PTY LIMITED,81000062439,1111,13,3,2.2,2.68
640,BISALLOY STEELS PTY LTD,27001641292,2110,13,3,2.2,2.68
641,THE CRAFTSMAN PRESS P/L,53004125231,1611,13,3,2.2,2.68
642,BLUESCOPE STEEL (AIS) PTY LTD,19000019625,2110,12,3,2.2,2.68
643,BOC LIMITED,95000029729,1811,30,3,2.21,2.68
644,BORAL BRICKS PTY LTD,66082448342,2021,12,3,2.2,2.68
645,BRADKEN RESOURCES PTY LIMITED,82098300988,2121,61,3,2.2,2.68
646,BROWN WOOD PANELS PTY. LTD.,29007888566,1493,12,3,2.2,2.68
647,BROWNES FOODS OPERATIONS PTY LIMITED,60146849881,1131,19,3,2.2,2.68
648,BULLI TILE & BRICK PTY LTD,41000067578,2029,12,3,2.2,2.68
649,BULONG OPERATIONS PTY LTD,99008930881,2139,46,3,2.2,2.68
650,BURRA FOODS PTY LTD,58007119904,1131,13,3,2.2,2.68
651,CANOBOLAS WOOL TOPMAKING PTY LTD,81001066477,1311,12,3,2.2,2.68
652,CCL SECURE PTY LTD,13072353452,1611,87,3,2.21,2.68
653,CLAYPAVE PTY LTD,23490508923,2021,12,3,2.2,2.68
654,CMI INDUSTRIAL PTY LTD,32129401832,2121,66,3,2.21,2.68
655,COMGROUP SUPPLIES PTY LTD,20008732465,1111,16,3,2.2,2.68
656,COOL-OFF PTY LTD,79068308225,1111,16,3,2.2,2.68
657,COWRA ABATTOIR PTY LTD,99000662304,1111,12,3,2.2,2.68
658,CQMS CASTINGS PTY LTD,15104510876,2121,12,3,2.2,2.68
659,VIRIDIAN GLASS PTY LTD,68006904052,2010,12,3,2.2,2.68
660,CYPRESS SUPPLIES CABOOLTURE PTY LTD,68067684940,1411,16,3,2.2,2.68
661,DALE & MEYERS OPERATIONS PTY LTD,12072594584,1411,25,3,2.2,2.68
662,DEMATIC PTY LTD,43118204425,2221,14,3,2.2,2.68
663,DETMARK PTY LTD,66009053847,1611,24,3,2.2,2.68
664,DIAMOND VALLEY PORK PTY LTD,17095045695,1111,13,3,2.2,2.68
665,DULACCA SAWMILLS PTY LTD,15010052267,1411,12,3,2.2,2.68
666,E.P. ROBINSON PTY. LIMITED,44004942572,1311,12,3,2.2,2.68
667,EIDSVOLD SLEEPER MILL AND LANDSCAPING TIMBERS PTY. LTD.,41051202889,1411,16,3,2.2,2.68
668,ENCORE TISSUE (AUST) PTY LTD,99104582523,1510,22,3,2.2,2.68
669,ENOPLASTIC AUS PTY LTD,44168053914,1611,24,3,2.21,2.68
670,FAIRFAX MEDIA LIMITED,15008663161,1611,28,3,2.2,2.68
671,FELTON GRIMWADE & BOSISTO'S PTY LTD,13004809161,1841,14,3,2.2,2.68
672,FOAMCO INDUSTRIES PTY LIMITED,34003666340,1821,43,3,2.2,2.68
673,FOUNDRIES PTY LTD,35009686793,2110,12,3,2.2,2.68
674,FPS INTERNATIONAL (AUST) P/L,84080857647,1611,25,3,2.2,2.68
675,FREW (KYNETON) PTY LTD,25006627729,1111,12,3,2.2,2.68
676,G & K O'CONNOR PTY LTD,49005934029,1111,28,3,2.2,2.68
677,GELPACK ENTERPRISES PTY LTD,35069417312,1611,40,3,2.2,2.68
678,GEORGE CHAPMAN PTY LTD,95007873193,1111,12,3,2.2,2.68
679,GEORGE WESTON FOODS LTD,45008429632,1111,10,3,2.2,2.68
680,GERALDTON BRICKWORKS PTY LTD,85008685836,2021,12,3,2.2,2.68
681,GERSEKOWSKI & SON PTY LTD,54066290408,1411,12,3,2.2,2.68
682,GLASSMETAL INDUSTRIES PTY LTD,81006652259,2010,59,3,2.2,2.68
683,GRAYMONT (CHARBON) PTY LTD,71063659610,2031,12,3,2.2,2.68
684,SIBELCO LIME (VICTORIA) PTY LTD,78055274569,2031,12,3,2.2,2.68
685,GREENHAM GIPPSLAND PTY LTD,85622028728,1111,12,3,2.2,2.68
686,GREENLANDS TIMBER PTY LTD,28086264913,1411,12,3,2.2,2.68
687,GUILDTOWN PTY LTD,15007264280,1499,12,3,2.2,2.68
688,GYMPIE TIMBER CO PTY LTD,47009684342,1411,12,3,2.2,2.68
689,HALLETT BRICK PTY LTD,20007622317,2021,12,3,2.2,2.68
690,HENRY JONES FOODS PTY LTD,93636288474,1131,12,3,2.2,2.68
691,MOMENTIVE SPECIALTY CHEMICALS PTY LTD,32004271827,1821,12,3,2.2,2.68
692,HIGHLAND PINE PRODUCTS PTY LIMITED,81093059404,1411,13,3,2.2,2.68
693,HISMELT (OPERATIONS) PTY LTD,73008751317,2110,34,3,2.21,2.68
694,HOLDFAST TIMBERS PTY LTD,22478985281,1411,12,3,2.2,2.68
695,ILLAWARRA COKE COMPANY PTY LTD,85000009807,2110,14,3,2.2,2.68
696,INPRINT PTY LTD,77010728971,1611,35,3,2.21,2.68
697,INSTITUTE OF DRUG TECHNOLOGY AUST LTD,66006522970,1841,36,3,2.21,2.68
698,PRO-PAC GROUP PTY LIMITED,50095393776,1911,63,3,2.21,2.68
699,ITC TIMBER TASMANIA PTY LTD,93081613710,1413,12,3,2.2,2.68
700,ITREAT TIMBER PTY LTD,76131121616,1499,12,3,2.2,2.68
701,J & P FLEXOGRAPHICS PTY LTD,48006860233,1611,12,3,2.2,2.68
702,JETSTAR ENTERPRISES PTY LTD,94098804436,1413,43,3,2.2,2.68
703,JUST BLINDS AND SHUTTERS PTY LTD,13002422442,1492,16,3,2.2,2.68
704,KALGOORLIE CONSOLIDATED GOLD MINES PTY LTD,97009377619,2139,18,3,2.2,2.68
705,KARORA (LAKEWOOD) PTY LTD,60659952066,2139,12,3,2.2,2.68
706,KOPPERS WOOD PRODUCTS PTY LTD,81003947680,1413,25,3,2.2,2.68
707,LACHLAN INDUSTRIES PTY LTD,80001185928,1311,59,3,2.2,2.68
708,LAMINEX GROUP PTY LIMITED,98004093092,1499,64,3,2.21,2.68
709,LEADING SYNTHETICS PTY LTD,78061744849,1821,12,3,2.2,2.68
710,LIBERTY BELL BAY PTY LTD,23004456035,2110,13,3,2.2,2.68
711,LONGWARRY FOOD PARK PTY LTD,78097262934,1131,12,3,2.2,2.68
712,M & J ARMSTRONG ENTERPRISES PTY LTD,99163689567,1411,35,3,2.2,2.68
713,M G NUTRITIONALS PTY LTD,89095407257,1131,13,3,2.2,2.68
714,M.C. HERD PROPRIETARY LIMITED,80004289927,1111,14,3,2.2,2.68
715,MCCORMACK DEMBY TIMBER PTY LTD,30124794618,1411,12,3,2.2,2.68
716,MCDONNELL INDUSTRIES PTY LTD,70007746536,1411,60,3,2.2,2.68
717,MENTHOLATUM AUSTRALASIA PTY LTD,62005414488,1841,47,3,2.2,2.68
718,MERINO PTY LTD,16054622123,1521,21,3,2.2,2.68
719,METROMEDIA TECHNOLOGIES INT INC,92007510018,1611,16,3,2.2,2.68
720,MIDFIELD CO-PRODUCTS PTY LTD,58005186434,1111,25,3,2.2,2.68
721,MIDFIELD MEAT PROCESSING PTY LTD,15006971508,1111,12,3,2.2,2.68
722,MIDLAND BRICK PTY LTD,93635664710,2021,12,3,2.2,2.68
723,MIKES PLASTIC BAGS PTY LTD,69005957620,1611,12,3,2.2,2.68
724,MULGILDIE SAWMILLING CO PTY LTD,99009738014,1411,12,3,2.2,2.68
725,MULLER SAWMILLS PTY LTD,45009734105,1411,12,3,2.2,2.68
726,MURRAY BRIDGE BACON PTY LTD,23078020694,1111,12,3,2.2,2.68
727,NARASELL PTY LTD,56211021320,1111,12,3,2.2,2.68
728,NK COLLINS INDUSTRIES PTY LTD,70009716456,1411,59,3,2.2,2.68
729,NOLAN MEATS PTY LTD,81096869304,1111,16,3,2.2,2.68
730,NORTHERN IRON & BRASS FOUNDRY PTY LTD,83078991803,2110,12,3,2.2,2.68
731,NORTHERN SMELTERS PTY LTD,95009832393,2139,12,3,2.2,2.68
732,O.E. & D.R. POPE PTY. LTD.,17007645810,1911,12,3,2.2,2.68
733,OAKEY BEEF EXPORTS PTY. LTD,57009677598,1111,12,3,2.2,2.68
734,OCEANIA GLASS PTY LTD,99630152206,2010,43,3,2.2,2.68
735,ONESTEEL NSW PTY LTD,59003312892,2121,23,3,2.2,2.68
736,PMP PRINT PTY LTD,76051706499,1611,47,3,2.21,2.68
737,OVERALL FORGE PTY LTD,13000092946,2210,12,3,2.2,2.68
738,PARKSIDE BUILDING SUPPLIES PTY LTD,46009802144,1411,19,3,2.2,2.68
739,PEACHESTER SAWMILLING CO PTY LTD,51009710258,1411,12,3,2.2,2.68
740,VIADUX PTY LTD,75087415745,2121,12,3,2.2,2.68
741,PINEWOOD PRODUCTS PTY LTD,71125426511,1413,25,3,2.2,2.68
742,PLANTATION TREATED TIMBER PTY LTD,40165639798,1499,12,3,2.2,2.68
743,POTTERS INDUSTRIES PTY LTD,38000096293,2010,61,3,2.2,2.68
744,Q C BRICKS PTY LTD,41091895724,2021,13,3,2.2,2.68
745,QUALITY CASTINGS PTY LTD,13000045518,2121,13,3,2.2,2.68
746,QUEENSLAND NICKEL SALES PTY LTD,15009872566,2139,12,3,2.2,2.68
747,QUEENSLAND SAWMILLS PTY LTD,17009667645,1411,12,3,2.2,2.68
748,QUEENSLAND TISSUE PRODUCTS PTY LTD,87100661685,1510,25,3,2.2,2.68
749,REELPRINT PTY LTD,60105935064,1611,13,3,2.2,2.68
750,REGAL CREAM PRODUCTS PTY LTD,11005144481,1131,25,3,2.2,2.68
751,REID BROS TIMBER PTY LTD,72118338211,1411,12,3,2.2,2.68
752,RICHDALE PLASTICS PTY LTD,27606002564,1911,14,3,2.2,2.68
753,RIVERINA FRESH PTY LTD,45614298314,1131,17,3,2.2,2.68
754,RIVERINA WOOL COMBING PTY LTD,66001799935,1311,12,3,2.2,2.68
755,ROBERTSON BROTHERS SAWMILLS PTY LTD,80010242083,1411,12,3,2.2,2.68
756,ROCLA PTY LIMITED,31000032191,2034,19,3,2.2,2.68
757,ROLLSPACK PTY LTD,46073330444,1611,12,3,2.2,2.68
758,RPG (SA) PTY LTD,53122181122,2299,17,3,2.2,2.68
759,RTA YARWUN PTY LTD,73137266301,2131,12,3,2.2,2.68
760,SA PINE PTY LTD,48160064880,1499,15,3,2.2,2.68
761,SA SAWMILLING PTY LTD,30077544462,1413,12,3,2.2,2.68
762,SANOFI-AVENTIS HEALTHCARE PTY LTD,43076651959,1841,18,3,2.2,2.68
763,SEVEN POINT PORK PTY LTD,31088688975,1111,12,3,2.2,2.68
764,SHELTON TIMBER TREATMENT CO PTY LTD,55004390185,1413,12,3,2.2,2.68
765,SHINAGAWA THERMAL CERAMICS PTY LTD,81082371891,2029,12,3,2.2,2.68
766,SHOWERAMA PRODUCTS PTY LTD,40009799848,2511,25,3,2.2,2.68
767,SIMCOA OPERATIONS PTY LTD,42009064653,2139,25,3,2.2,2.68
768,SIMON PTY LTD,36009667725,1411,131,3,2.2,2.68
769,SLACKS HARDWOOD MILLING PTY LTD,73151619117,1411,12,3,2.2,2.68
770,SORBENT PAPER COMPANY PTY LTD,62004191324,1510,14,3,2.2,2.68
771,SOUTH32 WORSLEY ALUMINA PTY LTD,58008905155,2131,12,3,2.2,2.68
772,SOUTHERN CROSS FERTILISERS PTY LTD,30004936850,1831,23,3,2.2,2.68
773,SOUTHERN MEATS PTY LTD,51003111528,1111,16,3,2.2,2.68
774,ST OLIVE AND SONS PTY LTD,45009826957,1411,16,3,2.2,2.68
775,SUPERIOR WOOD PTY LTD,95154686772,1413,15,3,2.2,2.68
776,SWICKERS KINGAROY BACON FACTORY PTY LTD,35009678693,1111,12,3,2.2,2.68
777,TABRO MEAT PTY LTD,85005517019,1111,12,3,2.2,2.68
778,TAGHLEEF INDUSTRIES PTY LTD,51005893112,1911,59,3,2.2,2.68
779,TAMAREE LIME PTY LTD,71009955864,2031,12,3,2.2,2.68
780,TARMAC (S.A.) PTY. LTD.,17008013901,1413,14,3,2.2,2.68
781,TAS PAPER PTY LTD,65135318204,1510,44,3,2.2,2.68
782,THE AUSTRALIAN STEEL COMPANY (OPERATIONS) PTY LTD,89069426955,2110,80,3,2.21,2.68
783,THE KING ISLAND COMPANY PTY. LTD.,36006658500,1131,22,3,2.2,2.68
784,THOMAS FOODS INTERNATIONAL BOURKE PTY LIMITED,94654997001,1111,40,3,2.2,2.68
785,THOMAS FOODS INTERNATIONAL LOBETHAL PTY LIMITED,67105579511,1111,40,3,2.2,2.68
786,THOMAS FOODS INTERNATIONAL MURRAY BRIDGE PTY LIMITED,34085672457,1111,40,3,2.2,2.68
787,THOMAS FOODS INTERNATIONAL STAWELL PTY LIMITED,69004967800,1111,40,3,2.2,2.68
788,THOMAS FOODS INTERNATIONAL TAMWORTH PTY LIMITED,82089140634,1111,40,3,2.2,2.68
789,THOMAS FOODS INTERNATIONAL WALLANGARA,25000481363,1111,17,3,2.2,2.68
790,TIMBER TREATERS BRIDGETOWN (WA) PTY LTD,95844683755,1413,12,3,2.2,2.68
791,TURNER BROTHERS SAWMILLERS & BUILDERS PTY LTD,51093110288,1411,19,3,2.21,2.68
792,TUROSI PTY LTD,92620198165,1111,38,3,2.2,2.68
793,ULTRASTAK AUST PTY LTD,60006793942,1821,22,3,2.2,2.68
794,URGENTLY PTY LTD,39074395654,1411,12,3,2.2,2.68
795,VICTORIA WOOL PROCESSORS (AUST) PTY LTD,38050032356,1311,23,3,2.2,2.68
796,VISY BOARD (WODONGA) PTY LTD,34098839402,1521,12,3,2.2,2.68
797,VISY PAPER PTY LTD,63005803234,1510,12,3,2.2,2.68
798,VISY PULP AND PAPER PTY LTD,30086513144,1510,15,3,2.2,2.68
799,WALKER CYPRESS MILLS PTY LTD,52001157008,1411,12,3,2.2,2.68
800,WARWICK BRICK WORKS PTY LTD,66009883309,2021,12,3,2.2,2.68
801,WESFARMERS LPG PTY LTD,32009214831,1811,12,3,2.2,2.68
802,WESPINE INDUSTRIES PTY LTD,88052954337,1411,59,3,2.2,2.68
803,WESTERN AUSTRALIAN SPECIALTY ALLOYS PTY LTD,14053910188,2139,15,3,2.2,2.68
804,WESTERN EXPORTERS PTY LTD,98069328543,1111,12,3,2.2,2.68
805,WHITEHEADS TIMBER SALES PTY LTD,91055540611,1411,12,3,2.2,2.68
806,WILGAHURST PTY LTD,30260957573,1411,12,3,2.2,2.68
807,WILKINS TIMBER PTY LTD,65109526696,1411,12,3,2.2,2.68
808,WINCHESTER AUST LTD,50004645318,2299,32,3,2.2,2.68
809,WING PLASTICS PTY LTD,58660087294,1911,25,3,2.2,2.68
810,WODONGA RENDERING PTY LTD,67074885457,1111,12,3,2.2,2.68
811,YARA PILBARA FERTILISERS PTY LTD,74095441151,1831,12,3,2.2,2.68
812,YARA PILBARA NITRATES PTY LTD,33127391422,1831,12,3,2.2,2.68
813,YOLARNO PTY LTD,95002255183,1111,12,3,2.2,2.68
814,ANI CORPORATE LIMITED,13000421358,2110,9,3,2.08,2.63
815,ASSOCIATED KILN DRIERS PTY LIMITED,34004341048,1411,9,3,2.08,2.63
816,MONTORO ROOFING PTY LIMITED,34002944694,2034,9,3,2.08,2.63
817,CARTER HOLT HARVEY WOODPRODUCTS (SOUTHERN REGION) PTY LIMITED,29130911269,1411,9,3,2.08,2.63
818,GOULBURN WOOL SCOUR PTY LIMITED,83002697038,1311,9,3,2.08,2.63
819,HANNANPRINT VICTORIA PTY LIMITED,29100817712,1611,9,3,2.08,2.63
820,HYNE AND SON PTY LIMITED,67009660995,1499,9,3,2.08,2.63
821,INOVA PHARMACEUTICALS PTY LIMITED,88000222408,1841,9,3,2.08,2.63
822,INTERCAST & FORGE PTY LIMITED,28090515334,2121,9,3,2.08,2.63
823,MICHELL WOOL PTY LIMITED,11165515604,1311,9,3,2.08,2.63
824,OFFSET ALPINE PRINTING PTY LIMITED,66003094602,1611,9,3,2.08,2.63
825,ONESTEEL TRADING PTY LIMITED,50007519646,2299,9,3,2.08,2.63
826,PGH BRICKS & PAVERS PTY LIMITED,68168794821,2021,9,3,2.08,2.63
827,PORT KEMBLA MILLING PTY LIMITED,95155129383,2031,9,3,2.08,2.63
828,PROBIOTEC PHARMA PTY LIMITED,78076755354,1841,9,3,2.08,2.63
829,VISY BOARD PROPRIETARY LIMITED,58005787913,1521,9,3,2.08,2.63
830,WINGHAM BEEF EXPORTS PTY LIMITED,19002954789,1111,9,3,2.08,2.63
831,YOLARNO PTY LIMITED,42056599163,1111,9,3,2.08,2.63
832,CARL ZEISS VISION AUST HOLDINGS LTD,47007719708,2411,7,3,1.84,2.54
833,BALHAN INDUSTRIAL CO. PROPRIETARY LIMITED,93004705435,1831,5,3,1.6,2.44
834,COLOURS AND CHEMICALS PROPRIETARY LIMITED,81004274024,1821,5,3,1.6,2.44
835,CSF PROTEINS PROPRIETARY LIMITED,77000499918,1111,5,3,1.6,2.44
836,EGO PHARMACEUTICALS PROPRIETARY LIMITED,86005142361,1841,5,3,1.6,2.44
837,ENSIGN LABORATORIES PROPRIETARY LIMITED,11004395242,1841,5,3,1.6,2.44
838,FISHERS (LATROBE VALLEY) PROPRIETARY LIMITED,68005586694,1413,5,3,1.6,2.44
839,H. W. GREENHAM & SONS PROPRIETARY LIMITED,26054461415,1111,5,3,1.6,2.44
840,J FURPHY & SONS PROPRIETARY LIMITED,21004156763,2221,5,3,1.6,2.44
841,MCKECHNIE IRON FOUNDRY PROPRIETARY LIMITED,20007541317,2121,5,3,1.6,2.44
842,NORCO CO-OPERATIVE LIMITED,17009717417,1131,5,3,1.6,2.44
843,PHILLIPS BRICKS & POTTERY PROPRIETARY LIMITED,28004549213,2021,5,3,1.6,2.44
844,PORTLAND PINE PRODUCTS PROPRIETARY LIMITED,90004485992,1411,5,3,1.6,2.44
845,CEMENT AUST HOLDINGS P/L,99001085561,2031,4,3,1.48,2.39
846,VEEM LTD,51008944009,2139,3,3,1.36,2.34
847,ALLENTAYLOR AND CO LTD,39000003056,1411,2,3,1.24,2.3
848,ALLEN TAYLOR AND COMPANY LIMITED,39000030056,1411,2,3,1.24,2.3
849,CSL LIMITED,99051588348,1841,2,3,1.24,2.3
850,MONIER PGH HOLDINGS LTD,55008631356,2029,2,3,1.24,2.3
851,ELGAS LIMITED,85002749260,1811,2,3,1.24,2.3
852,KILCOY PASTORAL COMPANY LTD,89009671112,1111,2,3,1.24,2.3
853,STANBROKE BEEF AUSTRALIA,51109533535,1111,2,3,1.24,2.3
854,TASMAN GROUP SERVICES P/L,65005062082,1111,2,3,1.24,2.3
855,BLUESCOPE STEEL LIMITED,16000011058,2110,1,3,1.12,2.25
856,CAMPBELL BROTHERS LIMITED,92009657489,1821,1,3,1.12,2.25
857,CANNON HILL INVESTMENTS P/L,15079436187,1111,1,3,1.12,2.25
858,CSBP LIMITED,81008668371,1831,1,3,1.12,2.25
859,GAINSBOROUGH HARDWARE INDUSTRIES LIMITED,25004792269,2299,1,3,1.12,2.25
860,GM HOLDEN LTD,84006893232,2311,1,3,1.12,2.25
861,GRAMPIANS WOOL INDUSTRIES P/L,30006822082,1311,1,3,1.12,2.25
862,NORTHERN CO-OPERATIVE MEAT COMPANY LIMITED,42060208366,1111,1,3,1.12,2.25
863,NUPLEX INDUSTRIES (AUST) P/L,25000045572,1821,1,3,1.12,2.25
864,QUEENSCO-UNITY DAIRYFOODS CO-OP ASS LTD,16056658176,1131,1,3,1.12,2.25
865,WESTERN AUSTRALIAN MEAT MARKETING CO-OPERATIVE LIMITED,54048449698,1111,1,3,1.12,2.25
